event_id,multi_horizon_primary,multi_horizon_secondary,direct_60_day_primary,direct_60_day_secondary
events__d4bc74f1bfbe2849607edb97,True,True,True,True
events__74f4852cebc6d59147499354,False,True,False,True
events__92cee6f30b017eef7a4247db,False,False,False,False
events__2feb5e6f2f550a17f0957c42,False,False,False,False
events__31e800ab4055c04cdcf595ad,False,True,False,True
events__60bbaa6d4683a78f35215bc5,False,False,False,False
events__dc3a7543be530da8a520f8be,False,False,False,False
events__7346fa0578d28fd4e5c1de79,False,False,True,True
events__c16afa5a6bfc554f80e98f6a,False,False,False,False
events__8c2dee217a689e9462d44a62,True,True,False,False
events__c9dda3f10bbf617ee644833d,False,False,False,False
events__4c1838cdb7bddec93da3e2e2,False,True,False,False
events__57d830fd5b211a2ab9ff67cc,False,True,True,True
events__7a1a2de2c718b871a3bc5471,False,True,False,False
events__c100a71cb7878d55e5a3aa0d,False,False,False,False
events__6c0eac9b7895f7e3252621c5,False,False,False,False
events__3fc6654f9b1c18d4490676d4,True,True,True,True
events__007de2cce21e62fdc9ca26d4,True,True,False,False
events__10f0d528b31bb779197dc67e,False,True,False,False
events__6faee43f9c37d2bac9037095,False,True,False,True
events__4c6c485da6c616f78b15f8c6,False,False,False,False
events__251b89d941dadc25b17d8b9e,True,True,False,False
events__a9648f53df902b5278ba404e,False,True,True,True
events__2c0be52afd8dae1681212f87,False,True,False,False
events__472ebe0b535bd514ae9c8c91,False,True,False,False
events__ab787fd28e0e7f2668e78ae3,True,True,True,True
events__bd15925933c1575c6a57ca74,False,False,False,False
events__2d8aeadba99bdc80cc1e77c8,False,False,False,False
events__cd5fc45773984a0cc8bebaa8,False,True,False,False
events__a67ce10472bec34656c305f4,False,False,False,False
events__ab0d73625be4e49db5b834b4,False,True,False,False
events__0ef901a2b8b7f4fff131c533,False,False,False,False
events__caf5dc44ce36f03edf7bbf2e,True,True,True,True
events__ed97c842593aa940b3c644a5,False,False,False,False
events__a27b441f5f5c2ca2d280c83a,False,False,False,False
events__e335b950953ed1a2281bdb6f,True,True,True,True
events__1607b52b980fb5a3e8bb9ba4,True,True,True,True
events__d04a6b731f50111fb826d34c,True,True,True,True
events__5596b2e0c7cc6a3357b306a8,True,True,True,True
events__8505b85021876c2911a52790,False,False,True,True
events__76add21c053779b228b21ee7,False,True,False,True
events__2ebc21bb79ecf01cd00dd535,True,True,True,True
events__ad82ffa10e6740ff199a7c40,False,False,False,False
events__7b3e3154c16c3646ddc85b69,False,False,False,False
events__f65252c6546146cd456fa950,False,True,False,False
events__ef77eea58ded8be22052034a,False,False,False,False
events__f30d70980a108fcd3dd3cc82,False,True,False,False
events__599ea3af06499d147bc12cd2,False,True,False,False
events__0d16b16d9da086c5498c7393,False,True,False,False
events__c3730ea0eaa150c10924bdbe,True,True,True,True
events__db2afbbb407c8f322d8714b7,True,True,True,True
events__90dc7044013ecec6f619ef32,True,True,True,True
events__6bb1e6d577154fde738b5b12,True,True,True,True
events__5a20beb3458307a160e86124,False,False,True,True
events__203edced43eaaef1a045125a,True,True,False,False
events__fda974d8ebd84c53117124f9,False,True,False,False
events__87b6f666915b64739ceccb36,True,True,False,False
events__aadfc4a45de4e88e3062d68a,True,True,True,True
events__ba769987069f504063a64283,False,False,False,False
events__f4ac94407aa8297163653a5f,False,False,False,False
events__596b60c18eb825c2317e096d,True,True,False,True
events__eeaa673288d06fbcd4832ec1,False,False,False,False
events__b7692c026f56b63649687704,True,True,False,False
events__097d03edc4f14d1045d4f16c,False,True,False,True
events__58e3ac8983eebada12587e92,True,True,True,True
events__68a26afeb81988ef416e7f15,True,True,True,True
events__23899e26e2387ab0abfe9703,True,True,True,True
events__ce7cbd08cc115badfc65ab7f,True,True,True,True
events__f55c57b604b955cf3c50cf37,False,True,False,False
events__a39eaa15b8ecff481b7b6604,False,False,False,False
events__25e1a18e41d20ecf496b4b23,False,False,False,False
events__b4648ce389227a2a9214a07c,False,False,False,False
events__baaab45a5c11a00dfa7b37f7,True,True,True,True
events__aaa5f43c3798a39d1d2ee82d,False,True,False,False
events__1c9c47d3ed54e4dc6a5ec2f5,False,True,False,False
events__43907f52661d3db69423c006,False,False,False,False
events__b966b7033532e8dfaa3ea2f9,False,False,False,False
events__cde55eff8e3197799171a6aa,False,True,True,True
events__3357f577e80c74ce9a8804ff,False,False,False,False
events__48a4c23204522e4cb9f5d7f1,False,False,False,False
events__ba60d4e3ea0441e86e51b611,False,False,False,False
events__4ee56522cae45cc9b9274a1c,False,False,False,False
events__0a732ce0b91cc585ebeedc8e,True,True,False,True
events__4aafd8eb10498fa7bdfbd9b1,False,True,False,True
events__3bc60485015574097e9512b5,False,True,False,True
events__80de8ebbf6441a2cf50ddc4f,True,True,False,True
events__d68a45334b6752a9d9aff49b,False,False,False,False
events__1c4da6ae905575aa8aab4ce3,False,False,False,False
events__ac085162f1f1d1cfa3c0d511,False,False,False,False
events__3b2f7964e1e230957c1f7dff,True,True,False,False
events__2d5212f97076f28b2ec02141,False,True,False,False
events__c13f3ae8a0fb11c1cdcfb595,True,True,True,True
events__f15b9290850c19511a94d0d7,False,False,False,False
events__ab2e1eb67b425f98c1e83275,False,False,False,False
events__a3351fd4cf5116c1f35a95f6,True,True,True,True
events__c92622221c94a538b10d2f60,False,True,False,False
events__084f61c88ae71b083c597ec9,False,True,False,False
events__f7f89cf4e9efdcb87c282bb1,True,True,False,False
events__b2a91ecfe49a37c254f6b79c,True,True,False,True
events__50c665d33602a95498b0384e,False,True,True,True
events__cb4f23a6749433bf7e2550e1,True,True,False,False
events__0532c5a5f6e06ce6a9c0ad4a,False,False,False,True
events__aa9049f73a6615599b7607ec,True,True,True,True
events__2ea9b6f19779d09be293d080,False,False,False,False
events__e3fe4f8545092aa4f37c55e2,True,True,True,True
events__ff07dce67aedddbc05851807,True,True,True,True
events__f3ed03ccb6f524bdee908261,False,True,False,True
events__1961848f29d6697c1130d449,False,True,False,True
events__69f98a140f7989aa9b9ad525,False,False,False,False
events__b9ab4ca4696cec5db2f5ad99,True,True,True,True
events__0af4dc2290d567b28ad6a6dd,True,True,False,False
events__64ddcddc86038850f966cd7e,True,True,True,True
events__2a4790ed286f1448ef5b6ac8,False,False,False,False
events__fed8f0e07069d933532a2378,False,False,False,False
events__c711978317b8c8d8d3e14810,False,False,False,False
events__3a9bcf0377a574ee3ceec648,False,False,False,False
events__0d26879a35798db45e86dac6,False,True,False,True
events__4e61657dcf962c34bbb676bd,True,True,True,True
events__2dab2825cc2a78a572c88703,False,True,False,True
events__3b46cee67ae2df6f881477ca,True,True,True,True
events__a2fedb131487ec60ad32f9ef,False,True,False,False
events__727c3b44949c4ae4935d4ed7,False,False,False,False
events__4df5d9e54740e2b6cfdfd6dd,False,False,False,False
events__52804d4cd091172706abad0e,False,True,False,True
events__802da98d255731324b059d86,True,True,False,False
events__e8f467a16dbc4f442c5ab5e9,False,False,False,False
events__d774daec87a55b183834d257,False,True,False,False
events__8014a0ae258a7670aca82dab,True,True,True,True
events__66ca553bd3b9f88ea1a892d7,False,True,False,True
events__1166159dc7a84f4a35688b33,False,True,False,True
events__c46a8a73cb95287884e8dc00,False,False,False,False
events__9bc6b7246fc0d2db4d1c612e,True,True,False,False
events__c14c6b45e5a459d7da86a1e1,False,False,False,False
events__19511ee7304604631446294f,False,False,False,False
events__d674db29697b02b5cd288391,False,False,False,True
events__22f57941c00901f2323b0f7d,False,False,False,False
events__a931854ce72fa7876c89bd5f,False,False,False,False
events__2cd830af2daba60965f06b5b,False,False,False,False
events__62e6bd7776a5d26486496fe9,False,False,False,False
events__752cb05ec73726bb9c060e44,False,False,False,False
events__478e33bc2b072452b037dd45,False,False,False,False
events__945e97361df8cd2ad1b84e9f,False,False,False,False
events__46a5028e5ee66d37afb3144c,False,True,False,True
events__890593e7ceebb1d009e6a58f,False,True,False,True
events__5d4ab9290322a499103ff1f5,False,True,False,True
events__9f1cbb808108e0360a9d35e1,False,False,False,True
events__8ad4273c9e8cc8a3ba5f8fca,True,True,True,True
events__c26e8cb40f90d3d1c0875cfe,False,False,True,True
events__e6cbe125690febcfee46dccb,False,True,True,True
events__f26ca44ba58fc6f19d06cf5f,False,False,False,False
events__e3d3f69f2e94c2339ebfe8b3,True,True,True,True
events__a9375fc44a3ebfe893664a92,False,True,False,True
events__7767792ad643965b24428692,False,True,False,True
events__472f7d5d865843c2d326dc91,False,False,False,False
events__e1b8d65a52580e3bf6e0b2f3,True,True,False,False
events__942b48da214d4b5787d36947,False,False,False,False
events__68146a4d2c64d22f0f9418f0,False,False,False,False
events__16aba21439b28b8f7b35d0cc,False,False,False,False
events__af232a0b00b1955bb6d45a87,False,False,False,False
events__19ea29dd13895325e8f58b3e,False,True,False,True
events__cf048dc227038dffa59fd2a4,True,True,True,True
events__99bf982c4fd34c831af2e9e9,True,True,True,True
events__9b2ce79944aa337d3cb744b0,True,True,True,True
events__871679a267e39dce609a76ca,False,False,True,True
events__1a1bb5076f4cd037e87970c6,True,True,True,True
events__4561a3ed7fef89d2a5a70d54,True,True,True,True
events__16d1508143fc016391110cab,True,True,True,True
events__7548254968d3cec426d78130,True,True,True,True
events__5ad04e443e7c8c58cb27b4d2,True,True,True,True
events__fa93bce1c485f4be988f4ca1,True,True,True,True
events__20bfd97d7a8f1c84346ee827,True,True,True,True
events__30846ff01cec0edc14412def,True,True,True,True
events__7b4bf68a4958c2984f836d93,True,True,True,True
events__2c4811434c0ba57b71d241d7,True,True,True,True
events__b026690251cb93b6aeffeaad,False,True,False,True
events__dd2aa4b43d1e3f934560d0bb,False,True,False,True
events__176d16755f6f39d88d622c0e,True,True,True,True
events__b7a3af762c63b1af0a2824f1,False,True,True,True
events__3467f4bfc8104d52e6645667,True,True,True,True
events__0a20968702e8d3a465ee8ce1,True,True,True,True
events__9013db5d4b358a105052a821,False,True,False,True
events__49b599887e5f2c93ed94e353,True,True,True,True
events__cfde9c100c39de3290e3b6d8,True,True,True,True
events__b365dc1ca43619c6474411dc,False,True,True,True
events__21406833f81f9ee2ec7c2151,True,True,True,True
events__58a26fb8c496c087c8709375,True,True,True,True
events__379aa97dfc2c3b757179ec87,True,True,True,True
events__35b4fe96928be8d45623106b,False,True,False,True
events__e716fd5d3e811ca0e23873ab,False,True,False,False
events__4472d50508f7b203fc298683,True,True,True,True
events__02986db25ee29d0c45f32387,False,True,False,True
events__7c674dcf6e84914f8a6f13d6,True,True,True,True
events__36c6c26da97a9ff4aa0480dd,True,True,True,True
events__aaee02f2148f317e2731a657,True,True,True,True
events__a57680c78ea230b767d1a859,False,False,True,True
events__6c58bd536cf7fbe20d76dcdd,False,True,False,True
events__430c203165e401c3cdabc702,True,True,True,True
events__f50ebcaf6804a24fa1c77da2,True,True,False,False
events__e3b6dcc62c64b043414c2f3c,True,True,True,True
events__046b6f54398a8079df32f5cb,True,True,True,True
events__3d4500e1b428b491eb08ecaa,False,True,False,False
events__2d90e338e2e087cf5eb1184e,False,False,False,False
events__b60a49820a22cadc9aa8bbae,False,False,False,False
events__7101d1d36163566445b6ca35,False,False,True,True
events__ae2825d36b0ef4ff0712633b,True,True,False,False
events__94c82eb2d619a996cf4b1305,True,True,True,True
events__5782c89ec6a95fbbd8ed6f39,True,True,True,True
events__bd8b15982a78d843c804e90e,False,True,False,True
events__cf68588b84a4e81855672983,True,True,True,True
events__cfdabce429ae37736a5d7e73,True,True,True,True
events__3c736a3dae358a3a82bbcc2a,True,True,True,True
events__ac34996ba879f550a0d8f7b9,False,False,True,True
events__623e892eb16f47643f8b6f42,True,True,False,False
events__a97a859aaf7796de4ceec412,True,True,True,True
events__9e546a3a1f01e0473aa55c04,True,True,False,True
events__bffa86ef280db47cff8e0ed8,True,True,True,True
events__e9b392510109c27df7cf88fb,True,True,True,True
events__77cf73cb7afbf8d3d7a8929a,True,True,True,True
events__2a2bfc9a90b41d3d71c2927b,True,True,False,True
events__b6471dd8a11f952909ebe76b,True,True,True,True
events__ef899d0217f2156da08d67cd,False,True,False,False
events__9b820b01542a9f4757017628,True,True,True,True
events__63c6211c4234d39bb703586d,True,True,True,True
events__aa17ace303b435d0e4505734,True,True,True,True
events__6d6ff3e3b1134cc100c974c1,True,True,True,True
events__314137b2a0f2ae1ba49c7f14,True,True,True,True
events__30229822bab3eedbca8e5ae2,True,True,True,True
events__eef2849117eecb0003fafa5c,True,True,True,True
events__c5fb593bbfb0a55dfa234f58,True,True,True,True
events__8ef09c0570c9ba72c51c2493,True,True,True,True
events__e846f74198aa531005dca295,True,True,True,True
events__be25ac96609e61bb0ced42e0,True,True,True,True
events__6c5aff15871fa12b2dc88503,True,True,True,True
events__e125911a29a9cbf92ed11820,False,True,False,False
events__4ce083248833afd30eda3764,False,False,False,False
events__24e68e44732dca3b3e7b5818,True,True,True,True
events__de9e4b4fae3ec15c8265957d,True,True,True,True
events__27253660a4ef27761b970823,True,True,True,True
events__317119327ba748f45269cda3,False,False,True,True
events__04d5c4606fb658565510eb03,True,True,True,True
events__a03f5efa8f17fef2a3fbb72e,True,True,True,True
events__5dfb17c7c765ad69fef8a606,True,True,True,True
events__e887dbe8242dea023d913872,True,True,True,True
events__7d73a83d72eacb55f4bfe444,False,True,False,True
events__4f0be8c07177c6fe80cd35e7,False,False,False,False
events__f87e42fba0b2668e6115e327,True,True,False,False
events__84cbdca6c067246c81c1a3dc,False,False,False,False
events__95c3a3a695faa0d964349801,False,False,False,False
events__c4441720d89dc3db4497f4cf,False,True,False,True
events__e9ff9db2bfa1ade36b5cb5b5,False,True,False,True
events__b3c3e265cc86b230134c5362,True,True,True,True
events__198d3e8545db14e732b75255,True,True,True,True
events__80edff812df042a98db1ab4f,True,True,True,True
events__bc93adfef205be8f27dea53d,True,True,True,True
events__c4ef9d323af6f915d1c8f995,True,True,True,True
events__1f3ba5c0b7f80bc99be7456a,True,True,True,True
events__46de82e7dbeff6513ea40aef,True,True,True,True
events__a43538e8964c9f447fa6929a,True,True,False,False
events__b08b50d743b4049ed970dc55,False,True,False,False
events__1d3420c8735253821626e7e4,True,True,False,True
events__284a232b6e93c89e6bafcfa8,True,True,False,True
events__e49d7cfde522d8731de50c87,True,True,False,True
events__447a9d211b5a9297d6884918,True,True,True,True
events__c5d9e27ca51593ec452bca50,True,True,True,True
events__f2774b70a9164437b45ce329,True,True,True,True
events__51d433d2377d0a9f30c19585,False,True,True,True
events__861760eed13277e197c42098,True,True,True,True
events__596ea45c06d02cab76a1989d,True,True,False,False
events__40e8db75d8208e6428ef42a7,True,True,False,False
events__fc39bc2e3f795fc3bab38459,True,True,True,True
events__1f0fcf6521615fc1d92d79ca,False,True,False,False
events__8e34bda8ae29663e954fc091,False,False,False,False
events__a885c4c3ab540c5d959329fb,False,False,False,False
events__74331016f7bfcbd313bd1145,False,True,False,False
events__d1f90ad10eabbbae90364de6,True,True,False,False
events__50daa036743037e378a7c52e,False,True,False,False
events__17260efbdb5c41db310a5d74,False,False,False,False
events__7301c1819bb62904b8d76ad7,False,True,False,True
events__846863a35412948322374f1c,False,False,False,False
events__968c7ed0e8fd79c8a03452bf,False,False,False,False
events__e8cb7b2a2ae9ee7919be9f65,False,False,False,False
events__b2a357bb7e6fd81c59f861b9,False,False,False,False
events__12d09359dcddc6825a5bb744,True,True,True,True
events__8700a5da480c9b7a3ad14506,True,True,True,True
events__bca444edda08e059b01cad10,False,False,False,False
events__00b332d6d7c5952d7aae725f,True,True,False,False
events__397f875b366040be21cb3d0b,False,False,False,False
events__931c5c0e61caad90f156c519,True,True,True,True
events__84d02f7dab7b6ef02864f3df,False,False,True,True
events__4d1e38596690dcd7fe70c6c3,True,True,True,True
events__3f5021de5c162be77d4b3d5e,True,True,True,True
events__515b5444b06e592dd5be56c2,False,False,False,False
events__7f69d18f81b0b7638fc12f65,False,False,False,False
events__54992591efd37cdba026cc89,False,True,False,True
events__0c8c2a066c55bde5dfe5c3ac,False,False,False,False
events__398804b9538cc753ea63c13f,True,True,True,True
events__131375ccaa48aa3a52834f20,False,False,False,False
events__b82f403d91fbc6eca1d66527,False,False,False,False
events__a7aec46f981b018f706ca091,True,True,True,True
events__2fd1dd0e5b2ee6c53d844d1a,False,False,False,False
events__fc4b584c017e99d9fea50d2b,True,True,False,False
events__c15a2ba9715e53708cb86bd3,False,False,False,False
events__752a27fd353e5e8c44457468,False,False,False,False
events__b897b0d5cbe04d6d843eb92d,True,True,False,True
events__2332240dd1a7dfe0aa24c8cd,True,True,True,True
events__ab5179996c5578a0ad660262,False,True,False,True
events__362504f1dcb6edc515cef94b,False,False,True,True
events__0718ecc272b1af99957064a1,False,False,False,False
events__82a114abac198a6902a00f8c,False,False,False,False
events__d60cf43b7353978b15b3f4a6,False,False,False,False
events__d53250d1a180b90862f485c3,True,True,True,True
events__8e3b8c60d965e7dd61a1129d,True,True,True,True
events__70d92bde035e38fbae7f93af,False,False,False,False
events__6e3899bd0c80a5758d0c1cb1,False,True,False,True
events__1fa06b3f8fc1d8879c9f7692,False,False,False,False
events__d4000afcf7f6d3264ff6165e,False,False,False,False
events__779f54c329738cef76f89795,False,False,False,False
events__ff3c8576632c78b5735b52b5,False,True,False,False
events__c812fd112463cf9d6ed8407c,False,False,False,False
events__ba10a8707931ba87df7a001d,False,False,False,False
events__55801233ee3582a44758bb28,False,False,False,False
events__c3ddaf056f1349e3c98255e5,False,True,False,True
events__04665f5fc6e3009bb3e8d8ee,True,True,True,True
events__9d1c8ad41a0a956c9a5e6693,False,False,False,True
events__8111a2e85148d70c2e3cbf15,False,False,False,False
events__56889412321da0dce2807127,False,True,False,True
events__18228793c459498226be341f,True,True,True,True
events__33d8db1c0f30d42481ffaafa,False,True,False,True
events__d1681813d02e3a47a48fed6b,False,True,False,True
events__b4dd1c40bf0ca5cbff320f23,False,False,True,True
events__2ee567ba391d1d0d9bba237f,False,True,False,False
events__ea6bf371645abee6271279fe,True,True,False,False
events__3ed6f6cd11b755e941faea7e,False,False,False,False
events__c82ed348ebe9fe506f837635,False,False,False,False
events__7d0daeb446fcf435024e94e8,False,True,False,True
events__c9de73bffe525804d6e400fb,False,True,True,True
events__08c44951b50c9780ec40c0be,False,False,False,False
events__80e41a105860c7c730229653,False,True,False,True
events__e51829409965e6ce454ca066,False,False,False,True
events__a7ce2a87700b3d008b79e6ee,False,True,True,True
events__de9827045ee9a26b27d2d823,False,True,False,False
events__eb363d82479df23ff81caf17,False,False,False,False
events__9f7e25c8fc02e1b87d2eaabe,False,False,False,False
events__e46a55f1a4530ee62c8f8571,False,False,False,False
events__c953566f4e921a3b77c7d02b,True,True,False,False
events__0569d2d0249ca654e6e147c1,False,True,False,False
events__c6b7a78850d6150be3310522,False,True,False,True
events__b8d202a294c30bd552dd3bd2,True,True,True,True
events__3d700e4fc2da47a4ea0aab30,False,True,True,True
events__9a8943c175b30fde515bc9e6,False,True,False,True
events__609b32f1023c50cf7b2a6eb2,True,True,False,True
events__f022e3108a7905cb3892ea4c,True,True,True,True
events__e17bd62d073da905778993e1,False,False,False,False
events__1817c023e6eb3d2171bc05a9,True,True,True,True
events__b0a0e91d6f7cbbcaf5863bcf,False,True,True,True
events__3f236445d37be45ba251fd95,False,True,False,False
events__c2f4982f6cbda5c54f74c4a9,False,True,True,True
events__7c8edf3df9767e736ffea38a,True,True,True,True
events__580351b5a642ccb379f367f1,True,True,True,True
events__0b217a8d4feae936e7682a36,False,True,False,False
events__13fb155a0abbf59ecc060a24,True,True,False,False
events__e552630e39afe15578b8c5bd,False,True,False,False
events__4a2b565d9bcf56f849378453,True,True,True,True
events__8e668e3588f509a43bba8c35,False,False,False,False
events__c81d1045f118ef86d36e312a,True,True,True,True
events__a5af2d71fe65bb09ce47893d,False,True,False,False
events__daa880adbb2337538f2005f8,True,True,True,True
events__7430f068d1e45768c383d497,False,False,False,False
events__04f09178a3a47179351d84bc,True,True,False,False
events__a981fd959a0e15f0253eccd6,True,True,True,True
events__be0fb5ac598f0dc97a29ff27,True,True,True,True
events__b5280d394dbbdc1968c55a56,True,True,False,False
events__3a1c3072a66ad83a2e8fe9ce,True,True,True,True
events__711e23d7d1992aa6d94988cb,False,False,True,True
events__3947c6d08d58cac9c5ab86e0,True,True,True,True
events__d52fe477cb6f9e0fb9d70475,False,True,False,True
events__553894dc897612c954054d15,False,False,False,False
events__1f088118a184b81bac7ae867,True,True,True,True
events__e9ada1c5b7c7795a87cb9607,False,True,True,True
events__4d609dcd0886f3b3df3d5f72,False,True,True,True
events__8821c5eb07c7b0553da0a9f8,True,True,True,True
events__b4a22c459fadda2cd40aee3b,False,False,False,False
events__92f2039ca35b75be4652b3e3,False,False,False,False
events__b2e2f2742b9f681075d1e2f7,False,False,False,False
events__e077a1b74be64a3d85aed1a9,False,False,False,False
events__3968d1271163b9ac158824f5,False,True,False,True
events__ab0ddfc6abce10a704af2509,False,False,False,False
events__fe9f75735603fe3ec2f7a63d,False,False,False,False
events__14e3f61417eeb0d40e02575d,False,False,False,False
events__621e2a2a923ec3c141c07be2,False,True,False,False
events__0e1507a85d1f71c2ed924937,False,False,False,False
events__567cd5ca9a5588342138e1b6,True,True,False,False
events__31be433250c871e44fe0736d,True,True,True,True
events__1556e07eb83781026f12baad,False,False,False,True
events__66f28b65abbc8aaaabcc6ea0,False,False,False,False
events__f992f0138b0d5630f3cc9358,False,False,False,False
events__c895efe7c7d24af3c1ea7221,True,True,False,False
events__12c1d17b5a1a888b44e32700,True,True,False,False
events__ebeb04b826d0ec390b2b4bf4,False,False,False,False
events__a8a6ae14a5c66afb315e4227,False,False,False,False
events__533bc37d1d5d7b9bf430563a,False,True,False,False
events__bf6f86ddfed07807b69b7d3f,True,True,False,True
events__f86d55cdd661bab24d865903,False,True,False,False
events__40108a5499c8ab558240f738,True,True,True,True
events__916dcb062b6a852be33d87ea,False,False,True,True
events__ffd65fe6bfb6dd2fe6a59290,False,True,True,True
events__8c07807b93ecd4a29e24457a,False,True,False,True
events__798f625052112279aa66ffbd,False,False,False,False
events__e02c509958e71f2307f33b5f,False,False,False,True
events__6aa1c546bb7cf76e7b62dfa4,True,True,True,True
events__64082411e036f8d4e79299d5,False,False,False,False
events__ad270c804aecb6bfae6c8760,True,True,True,True
events__f0b8e7968cbcdb9817bd980e,False,False,True,True
events__062dbc5a87e1ac848b02d6bc,False,False,False,False
events__35f0e74f91a9798f74f74f78,False,False,False,True
events__1ea5087e7eb222c8f7bf9dd0,False,False,False,False
events__b1da60ef34dab7634f68835b,False,False,False,True
events__e25aa48c655d3f226e952574,False,False,False,False
events__0db39bb6c0079c4cb817e038,False,False,False,False
events__403540d5c00f41dc5fe50333,False,False,False,False
events__991d67679ba2c2b782dbd913,False,False,False,False
events__93f3ff929d46154cfd7d74a1,True,True,False,False
events__e31822e40393ad387c523541,True,True,False,False
events__d6d84a138b08784e53ab71a3,False,True,False,False
events__81e8ef987b5a134c60369125,True,True,True,True
events__b39bdc4d5aae6cf2f7eff8b1,False,False,False,False
events__baeca2dee1c79aedfb3b1d30,False,True,False,True
events__6ab624bcde31ef94a9dfa17f,False,False,False,False
events__6b3476ce136bc7d6cac23145,True,True,True,True
events__86c4402de15d388fa4d85ca5,True,True,True,True
events__be26d60495637aeb547bde1d,False,False,False,False
events__64e839691ecb8106b3eb77a9,True,True,True,True
events__e7047490365f9744048dceb9,True,True,False,True
events__7177711cecff4491f77c2102,True,True,True,True
events__6d21c325857e8b2bb99aa138,False,False,False,False
events__3abbfdb1eb09e81c22d2ca41,False,False,False,False
events__eaf41bebdb6d0dc6531da779,False,False,False,False
events__a54d6d6c16286f43014a19f5,False,False,False,True
events__c6c9332adee2dc3c3983c8e5,True,True,True,True
events__afc0259c512526661630c8c6,True,True,True,True
events__f2d1747bdc643065d514c0c4,False,False,True,True
events__fc381d17871babafeaf0f278,True,True,True,True
events__3f3237d898b75d5d4f9e09c6,True,True,True,True
events__9e13b8e81f3b389aeb1cd6ed,True,True,False,False
events__da0428b685ecd072384be9b0,True,True,True,True
events__54df8c622c9e7d065a0e54ed,False,True,True,True
events__fb38a277fb6542fe227f9563,False,True,True,True
events__4cfca0b27cb52ebc34d22c47,True,True,True,True
events__3196bf17df15abc0587e91a5,False,True,True,True
events__15c11493e633088b14524dd5,True,True,True,True
events__1ac8e335836e6735ad42ea6f,False,True,False,True
events__d8a100fc70e963fbf4dff276,False,False,False,False
events__b8ff4f3f53aa3e64d1e4d9b9,True,True,True,True
events__4585d0e68d2175544ffc1c25,False,False,True,True
events__a732876c98c7423b16e3bc87,False,True,True,True
events__ee9f4f8bcce88655030a8c33,False,False,False,False
events__1a3dcbcf4d61bddfb43a92bb,True,True,True,True
events__b77fc82a8ced123941c7b36c,False,False,False,False
events__f42717a4fbed03846a1f25d7,True,True,True,True
events__1fce74c235f97ff183062c11,True,True,True,True
events__243c8fe5e5db12e1f5ad98fb,True,True,True,True
events__b83650bda31b4977c20b2fda,True,True,True,True
events__ae17b14b08ce0b76db52cfa8,False,False,False,False
events__cbf7bfd715b43a301c06f251,False,False,False,False
events__7d969abcb65070dfbdb54143,False,True,True,True
events__ce0c91f7e8caf4aa2c38e63f,False,False,True,True
events__5118a67d3d8f72d81be51368,False,False,True,True
events__52403c83d277f504ccfcef13,False,False,True,True
events__fce2030e2791d71be9527390,True,True,False,False
events__afd3642ca0a58a94fcd1c961,False,False,False,False
events__36a080d106a086a2c74d9305,False,False,False,False
events__d89120a0c38c7a78f1046af3,False,False,False,False
events__222159b8671a6c492f99e7cc,True,True,False,False
events__fb8a3b2a30483df0016ef880,False,False,False,False
events__342f14d2df6213c230fc9c12,False,False,False,False
events__0d93a381ac64ab080417f760,True,True,False,False
events__75f9ec5dd351c788111fe152,False,True,False,False
events__e9caf5c542adf0b9daeaba0b,False,False,False,False
events__04eba86e2da32a011571f100,False,False,False,False
events__b840c17b2d236228aa5c59a8,False,False,False,False
events__1e87d5325bdd809a86af78b4,False,False,False,False
events__b7f8224a7cb70abe3e97bbf0,False,False,False,False
events__c1bad11a0a0b24cb46c9ecfb,True,True,False,False
events__5d3b711577476c5dc9812cad,False,False,False,False
events__b9011b010fa1abb7071b31cb,False,False,False,False
events__ccb4f2ab2ede2a7eac360df4,False,False,False,False
events__28186724bed4b5b2b2ab39de,False,False,False,False
events__63bc58898143726779ed17fd,False,False,False,False
events__f82a79d4f6dafb75de23683d,False,False,False,False
events__88fed7d7a985affa40712b1b,False,False,False,False
events__289d48a328af26ee8c876c30,False,False,False,False
events__c983cc5aecdb0583758d216b,True,True,True,True
events__944963b4ced0cfa7b18e24cf,True,True,True,True
events__bcee6eab81cb21658f515d42,False,True,False,False
events__96fb455538baaf5b43ea774c,True,True,True,True
events__4b3b2fff1dc3baaa773dc96f,False,True,False,False
events__3dcf13e16326dbbf3f13fb40,True,True,False,False
events__537e84fa1ef2d88f56656e10,False,True,False,False
events__a644fefdecc07c206f24b415,False,False,False,False
events__d71345cad6cd25b3be6d9b87,False,False,False,False
events__3d7ddd774ba0ceb393b954d5,False,False,False,False
events__140e6a81880bfb71b7903d41,True,True,False,False
events__fef5fce66c5e152decb3b87b,True,True,False,False
events__fd0f57c4eb967fa731a5eca0,False,True,False,False
events__29bc3fe84baba37431be8faf,True,True,True,True
events__ce9acd6bf3bea22740dcd8ff,False,False,False,False
events__fb922d6477f1d7a67081d479,False,False,False,False
events__8a41c329ddd7bb9688b48cf3,False,False,False,False
events__6859a71f6a536e11ce4bd7ba,False,False,False,False
events__f7e396ce097110533f95f788,True,True,False,False
events__3b3ba65e0d39262dd45a631a,False,False,False,False
events__02b70a329a51c09a3f22075c,True,True,False,False
events__32c157d8a4bc9edc56ea2439,True,True,False,False
events__0d60b52318a746950a8d50e1,False,True,False,False
events__2d03b0ed27090d7f81b9a02b,False,True,False,False
events__5785a5ef028cf1436558fffc,False,True,False,False
events__968a87a164d413c68e789634,False,True,False,False
events__4c720c1a344e5e1f270871f4,True,True,False,False
events__8a43812c83982430d720bcb6,False,False,False,False
events__526face364b6648e4461e9b9,False,False,False,False
events__9844f0676d15e4378238693b,False,False,False,False
events__8d8bd66a76019a17cb4e8b1c,False,False,False,False
events__24cd74d6a6bcd45db85551fb,False,True,False,False
events__e9684fe5fdbd532b7e34bc52,False,False,True,True
events__a516c5e94be48d19824685fc,False,False,False,False
events__14fc4c75eb56330aabb3ebf9,False,False,False,False
events__06e508849824b628973d709e,False,False,False,False
events__897daac684d4fb9db95e4386,False,True,False,False
events__6133465e111ca1a079b0df57,False,False,False,False
events__c76c130a169c791ac42b0f20,True,True,False,False
events__27cee2604d0a430bc2a2cb63,False,False,False,False
events__2712190b7ef9208e8c5db57c,False,False,False,False
events__31f5a96b3c40faad9e9622a6,False,False,False,False
events__6f72913feaa42f2cd05f8390,False,False,False,False
events__6137635caa1bddca6884f4b7,True,True,False,False
events__b452e3f97a1a4222370b5508,False,False,False,False
events__8c76ecb61bf190275377ce35,False,False,False,False
events__177c74f05e67864bde46ba87,False,False,False,False
events__dd3db2fb8e464a24756418be,False,False,False,False
events__b2cecee45c8dcb29e139405d,True,True,False,False
events__d0694d85e601b11c81b52582,False,True,False,False
events__70ee210e7058529a5b77f6f6,False,False,False,False
events__cf8260aaa4d61b045591ac98,False,False,False,False
events__6c741aeb8d4320716358b1a7,True,True,False,False
events__5dad5d0a472a40a8529ecf1a,False,False,False,False
events__4310a4022ef75747731039a3,True,True,False,False
events__b016ee33c7c05522316e57e3,False,False,False,False
events__8093bd5492144e93ab2903c0,False,True,False,False
events__43be6141e6970d0de00bf4ca,False,False,False,False
events__fc24f5eceab006d757bbe04f,True,True,True,True
events__eb212bb9e08170922cae865b,False,True,False,True
events__eba31b764671e7efa9e6e8df,True,True,True,True
events__478641dc2dd2d76ffea2f7df,False,True,False,False
events__6e8d24e66b740c790a128ddb,True,True,False,False
events__7a07af134917578ca777e7b9,False,False,False,False
events__7a1e633b4f8ef4419b21312d,True,True,False,False
events__73148c6bf3ccb360a8e818d8,False,False,False,False
events__29c3492716d846ffd24164c6,False,True,False,True
events__81f683a1ca42b5fcf30a2943,False,False,False,False
events__14e5945dc756d4d0024bcc01,False,False,False,False
events__283f0c1aa5b99dc1c87ac1ae,False,True,False,False
events__2e7a7769b92cdec0b8ec4066,False,True,False,False
events__fed51dae6978e268cf3b3b7a,False,True,False,False
events__dee818d01af53078c7adf8c6,True,True,True,True
events__871b2d454843fb236b28dcf5,False,True,False,False
events__54e2610bee189650cf0c7c71,False,True,False,False
events__020565de9fd5b4f8611de1f6,True,True,False,False
events__288d43f795b019b95547f35b,False,True,False,False
events__28d260b82a84f7061f716b7d,False,True,False,False
events__40fd5374de1d16b2fa75a974,False,True,False,False
events__666c36daafcec5c6f1ea93c5,False,True,False,False
events__ed51262fee705a08daf7bcdb,True,True,True,True
events__f972c9a80bd95071f358ace6,False,True,False,False
events__8203f422945d5f48460d0f0f,False,True,False,False
events__c5400be4109afc97d14a3333,True,True,False,False
events__7b8e175257d753a7838c9395,False,True,False,True
events__a098d1f8bb141f9b250b5e97,True,True,False,False
events__844411efc74e5399664883cd,True,True,False,False
events__a3669b67e90f0ca419740032,False,True,False,False
events__a3fc33a1468e6bcb663ae1db,True,True,False,False
events__de198052d64d13dff6e886d6,False,True,False,False
events__fa1bf5e990a77352d7a87f1a,False,True,False,False
events__b036f25968f4c090895f1fc2,False,True,False,False
events__5b5d3d86586ef3b06152a982,False,True,False,False
events__33219c9ba8aabd777725ca4c,False,True,False,False
events__cd2d819266d080e4f35ee7e0,True,True,False,False
events__0fce51ca2062f7f9f29bda82,False,True,False,False
events__c4db5daf8b7ec377811ed8a0,False,True,False,False
events__28c03bcbdd0b800bc76e0b96,True,True,False,False
events__84ae325789e1684f1a7adcae,False,True,False,False
events__22f6bd1cd21986c9d9b9783f,True,True,False,False
events__61c77c19d4d15d69630d300a,False,True,False,False
events__4ec29cef8c74329735f90cb9,False,True,False,False
events__4a4aa9b25e14bbd277b329d6,True,True,False,False
events__42a0b92b9028a69c23472ca7,False,False,False,False
events__9a740b1fc8e3be39f3ffa375,False,False,False,False
events__f62e45d3ebd3f702babd61b9,False,False,False,False
events__0c713821a425b85f6424a438,False,False,False,False
events__3dfc1fc0e1dd4cf3b5ba76df,False,False,False,False
events__e12ec66983eb1de7ee3faac9,False,False,False,False
events__c362b07e6efcc2a3108eccd4,True,True,False,False
events__f1a1172bd9652cb4dbdfcb57,False,True,False,True
events__2f5f30950eb15c7aeb863e75,True,True,True,True
events__2fcd822c17e08c9501eff93d,False,True,False,True
events__e30e2fb9be790dd13791e4ab,False,False,False,False
events__6659bd84b00da2ff1043a73c,True,True,True,True
events__a83864aa8de47d077ecbde84,True,True,False,False
events__1cd1add519b11c7d74bdc216,True,True,False,False
events__e0d163a24ec7e2465b8b210f,False,True,False,False
events__3f423ebd1cb7f9865dc73796,False,True,False,False
events__81b3d6e4d6380b95ccf971d2,False,False,False,False
events__1d29491095e6e8938bbb7e7f,False,False,False,False
events__3cab13eb19cfffec6cbb99f3,False,True,False,False
events__11d11ef7b86f7ada7a699f45,True,True,False,False
events__187553b7468c1aa61b78f8df,True,True,False,False
events__92dcf7b77618f20a6ae62c85,False,False,False,False
events__3857ef0fdd1057f42364e557,False,False,False,False
events__02d381cfa2d7225e9bd39d49,True,True,False,False
events__2ef1d4b96a29513ce801b15a,False,True,False,False
events__474e5a040c5afc74c8c62906,True,True,False,False
events__b6a88abcd9fc8aed8a76e2b1,False,False,False,False
events__b592fa80b6c91a5964c58e0f,False,False,False,False
events__4d5cb3eb4846eab3c80626c7,True,True,True,True
events__38ca578c5ed9e7d7bb1c3466,True,True,False,False
events__a57eeb4a3a1c597af7a3d1dc,True,True,False,False
events__37fdf8bd8a07358c1522c755,False,False,False,False
events__45e85aae5b74130febea1057,True,True,False,True
events__ba11ddafddadb37da31e32ba,False,True,False,True
events__2a3c77ea2dbc532065083059,False,True,False,True
events__0c26263b239ec0909fda9e80,False,True,False,False
events__43abdb378d76499381b5edec,True,True,True,True
events__4e984cdf57dd2df878586e71,False,True,False,True
events__34b9a20a15405ab25a7c6aca,False,True,False,False
events__4b763e6ef659c0af24efa281,False,True,False,False
events__26d821e54d9424ce9c40a78e,False,True,False,False
events__f3498369623824bd984fca35,False,True,False,False
events__70af8a7e713b5702c1245b8c,False,True,False,False
events__a2854ca3cd9119570a5f3368,False,True,False,False
events__0755c9ec32dbd9087a97c26c,False,True,False,False
events__b1d4c8b96da30941ac175c5f,True,True,False,False
events__648640571a7044b8ace413ee,True,True,False,False
events__c6bfb9368d87089e9b4a34e1,True,True,False,False
events__fc66932f0f784ac5e982e7b7,True,True,False,False
events__bc46dda4e5fc14535b5ee77e,False,True,False,False
events__5abce9f3a888b1b65c9c20ab,False,True,False,False
events__21046d557697882cd78a53f7,False,True,False,False
events__3357d82d47d462206ccb340e,False,True,False,False
events__f052d288675f1a232ddf6073,False,True,False,False
events__3ab3297f52a508301db769ab,False,True,False,False
events__cc753259d0297ac2703ac16a,True,True,False,False
events__6fd03baa0842a7c79388bc7d,False,False,False,False
events__f49a08f9df0166b9bc4f03ea,False,False,False,False
events__0cbd5af46890c99b7b766414,False,False,False,False
events__227c0316c3101ffe0c867728,True,True,False,False
events__a099c758e20d5dcbb410cdb3,False,False,False,False
events__e90e2a67c81c3e232c0c9f32,False,True,False,False
events__c155c2e7caaa6f31f83ebb15,False,False,False,False
events__f4df429f5181f92e88e1b456,False,True,False,True
events__238aed6b3b9288052698a437,True,True,False,False
events__6621b794aa325ac371615adc,False,True,False,False
events__f4faf004302ba36fd73baa7d,True,True,False,False
events__917e2b719665f8d7661123ab,False,False,False,False
events__bc21ecca4daa87491bf84208,False,True,False,False
events__70d2eb7236d5ada581259d47,False,False,False,False
events__4f3aa6e613dba9524de5319b,True,True,False,False
events__a25faefdd8444e59f3ffeb2f,True,True,False,False
events__79d34991d354c54fef070c26,False,False,False,False
events__21d01b8d5c7b3721750ad7b7,False,False,False,False
events__096b9cc0dfba8b41cca6004a,False,False,False,False
events__7c2c611a2c5e47d7211e5141,False,False,False,False
events__eff81307cadb92a50c868a07,False,False,False,False
events__7d30813aeb077b40d8726544,False,False,False,False
events__e1414100f88887aca7628a74,False,True,False,False
events__f3e15cd32205fe3c96695924,False,False,False,False
events__a68dfb19d00dc9726c2f4897,False,False,False,False
events__88ddca84d72f6d76080a6607,True,True,False,False
events__861422b802633328fb0678e8,False,False,False,False
events__e850d1edcac23cf412c8e8d5,False,False,False,False
events__12e25a59e4e48ec4c4ce79f3,True,True,False,False
events__d9bf205b841cf28d96a055cf,False,False,False,False
events__57de43d0b43a7f4bb4c18a38,False,False,False,False
events__e1dfa90bf3b22c1fffe7efdb,False,True,False,False
events__b2995b2de2a456820a841c8f,True,True,False,True
events__3e1e4d91f55636c84a4a382c,False,True,False,True
events__ca53cffb16c22e1a671dd5e0,False,True,False,False
events__f72434eac32fb5f335604b4c,False,True,False,False
events__d3819b59803c236ce0a81836,True,True,True,True
events__6f41303e9a727700561a8cbf,False,True,True,True
events__a084ca7feb63068ed6a0f5b7,False,False,False,False
events__f66a65dc328c09fa745b0ad4,True,True,True,True
events__3ef46bd00fc6df46bf7ca9d3,False,False,False,False
events__97f969baf617c1d0ddf11169,True,True,False,False
events__cd66e9135576d79aea065c0a,True,True,False,False
events__f9ce3d43ce75372337eaeb43,True,True,True,True
events__68afaed6a1c383b374d3c607,True,True,False,True
events__dfa0e17fd7b864c71bfcef45,False,False,True,True
