scenario,endpoint,lead_min_days,lead_max_days,candidate_policy,baseline_policy,all_events_denominator,candidate_captured,baseline_captured,candidate_capture_rate,baseline_capture_rate,point_difference,percentile_ci_low,percentile_ci_high,ci_level,bootstrap_replicates,eligible_for_confirmatory_test,scenario_order
primary_auto_w60,primary_31_60,31,60,Multi-horizon ranking,Direct 60-day,696,263,207,0.3778735632,0.2974137931,0.0804597701,0.0436234753,0.122239897,0.95,5000,True,0
primary_auto_w60,secondary_1_60,1,60,Multi-horizon ranking,Direct 60-day,696,443,290,0.6364942529,0.4166666667,0.2198275862,0.1525931878,0.284573138,0.95,5000,True,0
strict_centroid250_w60,primary_31_60,31,60,Multi-horizon ranking,Direct 60-day,325,111,81,0.3415384615,0.2492307692,0.0923076923,0.0346975874,0.1452533297,0.95,5000,True,1
strict_centroid250_w60,secondary_1_60,1,60,Multi-horizon ranking,Direct 60-day,325,211,118,0.6492307692,0.3630769231,0.2861538462,0.1773037786,0.3832090679,0.95,5000,True,1
tight_event date60_auto_w60,primary_31_60,31,60,Multi-horizon ranking,Direct 60-day,452,200,165,0.4424778761,0.3650442478,0.0774336283,0.0327849701,0.1219512195,0.95,5000,True,2
tight_event date60_auto_w60,secondary_1_60,1,60,Multi-horizon ranking,Direct 60-day,452,321,239,0.7101769912,0.5287610619,0.1814159292,0.1204545455,0.2276427089,0.95,5000,True,2
minimum event separation30_auto,primary_31_60,31,60,Multi-horizon ranking,Direct 60-day,900,343,269,0.3811111111,0.2988888889,0.0822222222,0.0505858785,0.1188662483,0.95,5000,True,3
minimum event separation30_auto,secondary_1_60,1,60,Multi-horizon ranking,Direct 60-day,900,525,355,0.5833333333,0.3944444444,0.1888888889,0.1331021793,0.2456159256,0.95,5000,True,3
minimum event separation45_auto,primary_31_60,31,60,Multi-horizon ranking,Direct 60-day,745,280,219,0.3758389262,0.2939597315,0.0818791946,0.0466921942,0.1225721216,0.95,5000,True,4
minimum event separation45_auto,secondary_1_60,1,60,Multi-horizon ranking,Direct 60-day,745,460,302,0.6174496644,0.4053691275,0.2120805369,0.1487035586,0.2749109276,0.95,5000,True,4
minimum event separation90_auto,primary_31_60,31,60,Multi-horizon ranking,Direct 60-day,621,258,206,0.4154589372,0.3317230274,0.0837359098,0.0427474273,0.1310124495,0.95,5000,True,5
minimum event separation90_auto,secondary_1_60,1,60,Multi-horizon ranking,Direct 60-day,621,397,275,0.6392914654,0.4428341385,0.1964573269,0.1371057306,0.2533211959,0.95,5000,True,5
leave_one_state_out__CO,primary_31_60,31,60,Multi-horizon ranking,Direct 60-day,695,263,206,0.3784172662,0.2964028777,0.0820143885,0.04487,0.1241750068,0.95,5000,True,6
leave_one_state_out__CO,secondary_1_60,1,60,Multi-horizon ranking,Direct 60-day,695,443,290,0.6374100719,0.4172661871,0.2201438849,0.1534329618,0.2846413488,0.95,5000,True,6
leave_one_state_out__DE,primary_31_60,31,60,Multi-horizon ranking,Direct 60-day,657,251,184,0.3820395738,0.2800608828,0.101978691,0.0676587002,0.1385088656,0.95,5000,True,7
leave_one_state_out__DE,secondary_1_60,1,60,Multi-horizon ranking,Direct 60-day,657,422,266,0.6423135464,0.404870624,0.2374429224,0.1676453177,0.3007534079,0.95,5000,True,7
leave_one_state_out__FL,primary_31_60,31,60,Multi-horizon ranking,Direct 60-day,489,196,160,0.4008179959,0.327198364,0.0736196319,0.0242081907,0.1131422502,0.95,5000,True,8
leave_one_state_out__FL,secondary_1_60,1,60,Multi-horizon ranking,Direct 60-day,489,298,225,0.609406953,0.4601226994,0.1492842536,0.0970429336,0.1958333333,0.95,5000,True,8
leave_one_state_out__IA,primary_31_60,31,60,Multi-horizon ranking,Direct 60-day,597,204,155,0.3417085427,0.2596314908,0.0820770519,0.0330856822,0.125,0.95,5000,True,9
leave_one_state_out__IA,secondary_1_60,1,60,Multi-horizon ranking,Direct 60-day,597,373,241,0.6247906198,0.4036850921,0.2211055276,0.1512012393,0.2942197179,0.95,5000,True,9
leave_one_state_out__IL,primary_31_60,31,60,Multi-horizon ranking,Direct 60-day,680,258,202,0.3794117647,0.2970588235,0.0823529412,0.0437287095,0.1234818782,0.95,5000,True,10
leave_one_state_out__IL,secondary_1_60,1,60,Multi-horizon ranking,Direct 60-day,680,433,283,0.6367647059,0.4161764706,0.2205882353,0.1525952925,0.2873247531,0.95,5000,True,10
leave_one_state_out__KS,primary_31_60,31,60,Multi-horizon ranking,Direct 60-day,695,262,207,0.3769784173,0.2978417266,0.0791366906,0.043784428,0.1216418388,0.95,5000,True,11
leave_one_state_out__KS,secondary_1_60,1,60,Multi-horizon ranking,Direct 60-day,695,442,289,0.635971223,0.4158273381,0.2201438849,0.1508840413,0.2840005917,0.95,5000,True,11
leave_one_state_out__MN,primary_31_60,31,60,Multi-horizon ranking,Direct 60-day,388,157,121,0.4046391753,0.3118556701,0.0927835052,0.0240488463,0.1435217158,0.95,5000,True,12
leave_one_state_out__MN,secondary_1_60,1,60,Multi-horizon ranking,Direct 60-day,388,259,151,0.6675257732,0.3891752577,0.2783505155,0.1591496865,0.3728024954,0.95,5000,True,12
leave_one_state_out__MO,primary_31_60,31,60,Multi-horizon ranking,Direct 60-day,692,264,207,0.3815028902,0.299132948,0.0823699422,0.0451226824,0.124367207,0.95,5000,True,13
leave_one_state_out__MO,secondary_1_60,1,60,Multi-horizon ranking,Direct 60-day,692,442,290,0.6387283237,0.4190751445,0.2196531792,0.1515569856,0.2837279642,0.95,5000,True,13
leave_one_state_out__NC,primary_31_60,31,60,Multi-horizon ranking,Direct 60-day,690,262,206,0.3797101449,0.2985507246,0.0811594203,0.0470563861,0.1276613624,0.95,5000,True,14
leave_one_state_out__NC,secondary_1_60,1,60,Multi-horizon ranking,Direct 60-day,690,440,288,0.6376811594,0.4173913043,0.2202898551,0.1546171588,0.2883458039,0.95,5000,True,14
leave_one_state_out__ND,primary_31_60,31,60,Multi-horizon ranking,Direct 60-day,693,266,209,0.3838383838,0.3015873016,0.0822510823,0.0432819694,0.1200027933,0.95,5000,True,15
leave_one_state_out__ND,secondary_1_60,1,60,Multi-horizon ranking,Direct 60-day,693,445,291,0.6421356421,0.4199134199,0.2222222222,0.1473801291,0.2808868321,0.95,5000,True,15
leave_one_state_out__NE,primary_31_60,31,60,Multi-horizon ranking,Direct 60-day,686,263,207,0.3833819242,0.3017492711,0.0816326531,0.043748483,0.1215233007,0.95,5000,True,16
leave_one_state_out__NE,secondary_1_60,1,60,Multi-horizon ranking,Direct 60-day,686,443,286,0.6457725948,0.416909621,0.2288629738,0.1561550505,0.2889206728,0.95,5000,True,16
leave_one_state_out__VA,primary_31_60,31,60,Multi-horizon ranking,Direct 60-day,695,261,202,0.3755395683,0.290647482,0.0848920863,0.0453882497,0.1273900962,0.95,5000,True,17
leave_one_state_out__VA,secondary_1_60,1,60,Multi-horizon ranking,Direct 60-day,695,434,285,0.6244604317,0.4100719424,0.2143884892,0.1541760593,0.2877915022,0.95,5000,True,17
leave_one_state_out__VT,primary_31_60,31,60,Multi-horizon ranking,Direct 60-day,695,263,207,0.3784172662,0.2978417266,0.0805755396,0.0447484654,0.1246418338,0.95,5000,True,18
leave_one_state_out__VT,secondary_1_60,1,60,Multi-horizon ranking,Direct 60-day,695,441,288,0.6345323741,0.4143884892,0.2201438849,0.1517324181,0.2832085649,0.95,5000,True,18
exclude2025_auto_w60,primary_31_60,31,60,Multi-horizon ranking,Direct 60-day,572,230,178,0.4020979021,0.3111888112,0.0909090909,0.0495709571,0.1374800532,0.95,5000,True,19
exclude2025_auto_w60,secondary_1_60,1,60,Multi-horizon ranking,Direct 60-day,572,368,240,0.6433566434,0.4195804196,0.2237762238,0.1511225892,0.2892163347,0.95,5000,True,19
monitored_lakes_auto_w60,primary_31_60,31,60,Multi-horizon ranking,Direct 60-day,696,270,212,0.3879310345,0.3045977011,0.0833333333,0.0419445333,0.1181460778,0.95,5000,True,20
monitored_lakes_auto_w60,secondary_1_60,1,60,Multi-horizon ranking,Direct 60-day,696,443,300,0.6364942529,0.4310344828,0.2054597701,0.1444575499,0.2727272727,0.95,5000,True,20
