bootstrap_draw,total_event_copies
0,778
1,630
2,727
3,655
4,805
5,646
6,662
7,739
8,750
9,671
10,626
11,704
12,698
13,706
14,670
15,723
16,734
17,650
18,757
19,616
20,732
21,687
22,667
23,697
24,646
25,711
26,702
27,658
28,671
29,685
30,698
31,796
32,646
33,754
34,748
35,629
36,767
37,705
38,719
39,678
40,677
41,674
42,704
43,657
44,690
45,674
46,705
47,795
48,678
49,722
50,679
51,643
52,640
53,739
54,736
55,739
56,745
57,651
58,663
59,700
60,750
61,598
62,654
63,684
64,649
65,788
66,711
67,790
68,725
69,604
70,691
71,712
72,674
73,597
74,746
75,677
76,692
77,732
78,710
79,669
80,650
81,691
82,721
83,697
84,682
85,697
86,611
87,712
88,726
89,738
90,726
91,674
92,771
93,729
94,670
95,634
96,617
97,703
98,675
99,670
100,775
101,686
102,713
103,723
104,812
105,683
106,727
107,652
108,708
109,733
110,731
111,693
112,697
113,764
114,735
115,667
116,722
117,678
118,657
119,707
120,642
121,711
122,766
123,748
124,627
125,755
126,723
127,707
128,747
129,657
130,587
131,679
132,811
133,768
134,602
135,602
136,707
137,738
138,776
139,675
140,703
141,690
142,732
143,745
144,663
145,714
146,653
147,603
148,611
149,696
150,699
151,609
152,745
153,784
154,672
155,651
156,642
157,711
158,676
159,680
160,685
161,707
162,674
163,678
164,741
165,740
166,664
167,676
168,708
169,796
170,729
171,720
172,698
173,638
174,728
175,681
176,679
177,702
178,731
179,661
180,700
181,743
182,654
183,704
184,720
185,675
186,813
187,694
188,693
189,750
190,684
191,688
192,635
193,701
194,704
195,619
196,712
197,727
198,709
199,752
200,724
201,774
202,699
203,790
204,673
205,689
206,673
207,720
208,692
209,659
210,688
211,686
212,700
213,751
214,718
215,734
216,728
217,627
218,720
219,656
220,754
221,749
222,694
223,767
224,718
225,677
226,690
227,685
228,680
229,685
230,728
231,726
232,666
233,773
234,676
235,721
236,790
237,701
238,736
239,628
240,663
241,767
242,679
243,613
244,690
245,870
246,694
247,625
248,774
249,720
250,739
251,773
252,747
253,702
254,648
255,667
256,700
257,675
258,645
259,652
260,772
261,657
262,662
263,702
264,675
265,702
266,623
267,711
268,618
269,741
270,644
271,634
272,647
273,701
274,705
275,709
276,664
277,638
278,710
279,691
280,660
281,805
282,780
283,691
284,786
285,681
286,685
287,630
288,712
289,671
290,674
291,749
292,632
293,638
294,705
295,732
296,719
297,608
298,615
299,718
300,644
301,593
302,639
303,654
304,748
305,744
306,734
307,659
308,685
309,716
310,734
311,704
312,621
313,740
314,724
315,718
316,714
317,693
318,640
319,607
320,670
321,665
322,706
323,671
324,642
325,632
326,648
327,769
328,742
329,617
330,644
331,741
332,725
333,658
334,755
335,638
336,808
337,848
338,711
339,658
340,712
341,891
342,752
343,672
344,687
345,689
346,735
347,690
348,694
349,743
350,700
351,731
352,642
353,717
354,650
355,626
356,728
357,646
358,689
359,721
360,681
361,692
362,756
363,736
364,741
365,646
366,791
367,684
368,691
369,815
370,739
371,668
372,633
373,732
374,796
375,717
376,717
377,685
378,739
379,680
380,729
381,726
382,676
383,707
384,764
385,737
386,728
387,746
388,717
389,743
390,608
391,706
392,700
393,723
394,667
395,772
396,648
397,727
398,662
399,668
400,591
401,698
402,691
403,703
404,610
405,801
406,704
407,711
408,599
409,723
410,685
411,673
412,710
413,734
414,778
415,678
416,686
417,640
418,777
419,720
420,664
421,764
422,681
423,709
424,693
425,735
426,714
427,772
428,725
429,649
430,719
431,723
432,733
433,646
434,788
435,762
436,729
437,662
438,608
439,736
440,698
441,661
442,766
443,588
444,664
445,770
446,661
447,647
448,725
449,683
450,741
451,691
452,800
453,679
454,723
455,710
456,637
457,778
458,714
459,696
460,749
461,671
462,646
463,699
464,741
465,778
466,714
467,740
468,714
469,711
470,619
471,644
472,687
473,748
474,719
475,601
476,708
477,734
478,749
479,653
480,634
481,644
482,708
483,767
484,701
485,767
486,637
487,682
488,691
489,774
490,768
491,767
492,588
493,719
494,755
495,674
496,725
497,595
498,715
499,643
500,683
501,739
502,703
503,722
504,701
505,784
506,639
507,635
508,760
509,708
510,777
511,695
512,722
513,728
514,825
515,711
516,682
517,709
518,738
519,731
520,639
521,617
522,678
523,712
524,658
525,713
526,721
527,689
528,647
529,679
530,638
531,688
532,716
533,664
534,712
535,740
536,702
537,766
538,750
539,654
540,656
541,699
542,763
543,679
544,710
545,713
546,734
547,667
548,662
549,707
550,657
551,653
552,662
553,769
554,758
555,739
556,581
557,816
558,620
559,678
560,658
561,689
562,680
563,667
564,767
565,727
566,670
567,707
568,647
569,705
570,817
571,723
572,707
573,758
574,720
575,732
576,682
577,706
578,689
579,731
580,597
581,658
582,683
583,710
584,758
585,679
586,714
587,726
588,731
589,712
590,668
591,703
592,659
593,679
594,698
595,733
596,668
597,711
598,750
599,662
600,756
601,694
602,616
603,733
604,671
605,628
606,738
607,731
608,723
609,684
610,616
611,760
612,650
613,816
614,637
615,636
616,797
617,675
618,775
619,688
620,763
621,760
622,734
623,820
624,629
625,672
626,641
627,666
628,786
629,712
630,730
631,718
632,768
633,699
634,717
635,659
636,648
637,721
638,706
639,721
640,763
641,711
642,716
643,666
644,686
645,709
646,752
647,648
648,701
649,692
650,714
651,689
652,610
653,735
654,650
655,638
656,766
657,658
658,751
659,636
660,668
661,741
662,668
663,655
664,690
665,772
666,698
667,721
668,617
669,739
670,655
671,752
672,734
673,674
674,690
675,694
676,649
677,721
678,681
679,732
680,684
681,621
682,657
683,666
684,624
685,635
686,663
687,558
688,681
689,608
690,694
691,622
692,741
693,718
694,689
695,700
696,731
697,703
698,803
699,809
700,692
701,693
702,622
703,705
704,649
705,703
706,748
707,655
708,764
709,662
710,666
711,761
712,670
713,742
714,625
715,732
716,648
717,743
718,683
719,697
720,707
721,703
722,674
723,774
724,661
725,737
726,704
727,645
728,727
729,709
730,711
731,644
732,706
733,717
734,720
735,672
736,730
737,722
738,667
739,714
740,694
741,682
742,704
743,715
744,763
745,687
746,668
747,680
748,670
749,706
750,628
751,798
752,730
753,703
754,713
755,730
756,822
757,775
758,704
759,659
760,672
761,636
762,711
763,747
764,659
765,712
766,610
767,677
768,711
769,733
770,735
771,692
772,661
773,678
774,736
775,753
776,737
777,688
778,708
779,645
780,688
781,708
782,714
783,735
784,705
785,694
786,743
787,644
788,705
789,675
790,650
791,709
792,686
793,684
794,683
795,672
796,645
797,743
798,752
799,663
800,693
801,770
802,750
803,630
804,824
805,668
806,712
807,677
808,613
809,666
810,666
811,717
812,757
813,746
814,625
815,618
816,680
817,628
818,670
819,650
820,726
821,682
822,693
823,665
824,698
825,712
826,676
827,714
828,764
829,663
830,724
831,763
832,715
833,675
834,613
835,746
836,649
837,624
838,660
839,693
840,754
841,757
842,727
843,694
844,691
845,747
846,714
847,593
848,811
849,720
850,783
851,761
852,643
853,744
854,606
855,589
856,732
857,700
858,666
859,767
860,667
861,677
862,689
863,703
864,651
865,687
866,657
867,725
868,770
869,689
870,662
871,676
872,651
873,687
874,612
875,711
876,620
877,649
878,787
879,745
880,693
881,725
882,776
883,677
884,688
885,651
886,610
887,711
888,622
889,630
890,742
891,644
892,728
893,704
894,651
895,694
896,625
897,764
898,663
899,668
900,671
901,727
902,744
903,683
904,628
905,716
906,688
907,687
908,669
909,703
910,767
911,738
912,750
913,677
914,731
915,862
916,677
917,687
918,699
919,697
920,647
921,767
922,672
923,735
924,730
925,663
926,706
927,720
928,661
929,665
930,701
931,657
932,724
933,642
934,724
935,654
936,760
937,658
938,724
939,744
940,698
941,680
942,704
943,683
944,784
945,732
946,663
947,727
948,704
949,678
950,731
951,636
952,731
953,713
954,625
955,734
956,672
957,728
958,727
959,728
960,742
961,767
962,656
963,725
964,676
965,704
966,697
967,771
968,663
969,687
970,612
971,715
972,600
973,689
974,721
975,678
976,769
977,737
978,687
979,712
980,665
981,739
982,688
983,737
984,636
985,631
986,773
987,717
988,612
989,655
990,766
991,674
992,658
993,768
994,775
995,738
996,667
997,626
998,622
999,775
1000,712
1001,702
1002,704
1003,728
1004,663
1005,698
1006,699
1007,706
1008,687
1009,674
1010,650
1011,788
1012,767
1013,657
1014,645
1015,709
1016,703
1017,700
1018,708
1019,661
1020,640
1021,712
1022,708
1023,645
1024,736
1025,714
1026,653
1027,748
1028,745
1029,770
1030,729
1031,660
1032,649
1033,705
1034,734
1035,690
1036,702
1037,732
1038,717
1039,659
1040,728
1041,708
1042,618
1043,665
1044,650
1045,650
1046,808
1047,658
1048,656
1049,689
1050,719
1051,688
1052,649
1053,643
1054,775
1055,691
1056,680
1057,655
1058,649
1059,576
1060,709
1061,648
1062,670
1063,739
1064,701
1065,694
1066,796
1067,705
1068,740
1069,640
1070,747
1071,721
1072,663
1073,676
1074,760
1075,704
1076,662
1077,606
1078,735
1079,695
1080,635
1081,743
1082,773
1083,667
1084,697
1085,699
1086,690
1087,822
1088,718
1089,679
1090,632
1091,762
1092,668
1093,723
1094,670
1095,710
1096,636
1097,701
1098,644
1099,697
1100,684
1101,741
1102,631
1103,688
1104,734
1105,650
1106,729
1107,703
1108,674
1109,729
1110,667
1111,649
1112,706
1113,683
1114,698
1115,705
1116,689
1117,739
1118,715
1119,686
1120,654
1121,686
1122,655
1123,681
1124,650
1125,706
1126,754
1127,709
1128,679
1129,746
1130,699
1131,658
1132,768
1133,694
1134,735
1135,700
1136,616
1137,721
1138,707
1139,691
1140,651
1141,679
1142,758
1143,766
1144,600
1145,680
1146,661
1147,724
1148,606
1149,715
1150,740
1151,650
1152,668
1153,737
1154,695
1155,708
1156,651
1157,678
1158,722
1159,733
1160,674
1161,683
1162,749
1163,640
1164,681
1165,649
1166,698
1167,633
1168,658
1169,727
1170,750
1171,740
1172,750
1173,716
1174,772
1175,653
1176,675
1177,698
1178,669
1179,576
1180,651
1181,747
1182,651
1183,673
1184,769
1185,656
1186,705
1187,668
1188,683
1189,750
1190,719
1191,671
1192,789
1193,628
1194,663
1195,716
1196,732
1197,656
1198,678
1199,706
1200,641
1201,689
1202,631
1203,727
1204,666
1205,714
1206,745
1207,587
1208,666
1209,672
1210,745
1211,631
1212,659
1213,753
1214,639
1215,676
1216,695
1217,757
1218,667
1219,702
1220,638
1221,810
1222,644
1223,672
1224,637
1225,655
1226,728
1227,726
1228,746
1229,710
1230,699
1231,718
1232,771
1233,665
1234,766
1235,694
1236,707
1237,742
1238,770
1239,687
1240,658
1241,645
1242,651
1243,729
1244,627
1245,582
1246,735
1247,655
1248,644
1249,692
1250,687
1251,736
1252,726
1253,718
1254,749
1255,640
1256,754
1257,689
1258,697
1259,675
1260,674
1261,628
1262,721
1263,678
1264,650
1265,685
1266,765
1267,587
1268,731
1269,634
1270,820
1271,662
1272,761
1273,703
1274,658
1275,732
1276,646
1277,828
1278,600
1279,682
1280,737
1281,670
1282,601
1283,703
1284,641
1285,722
1286,606
1287,808
1288,710
1289,752
1290,812
1291,711
1292,643
1293,757
1294,672
1295,729
1296,685
1297,652
1298,673
1299,784
1300,768
1301,669
1302,733
1303,673
1304,681
1305,650
1306,777
1307,883
1308,690
1309,682
1310,695
1311,642
1312,793
1313,607
1314,726
1315,627
1316,713
1317,606
1318,741
1319,730
1320,672
1321,729
1322,677
1323,839
1324,650
1325,674
1326,621
1327,677
1328,736
1329,678
1330,733
1331,681
1332,700
1333,703
1334,694
1335,717
1336,750
1337,649
1338,791
1339,595
1340,644
1341,611
1342,726
1343,769
1344,765
1345,736
1346,728
1347,743
1348,674
1349,697
1350,771
1351,666
1352,728
1353,651
1354,666
1355,605
1356,677
1357,705
1358,652
1359,662
1360,615
1361,679
1362,683
1363,714
1364,673
1365,692
1366,578
1367,647
1368,650
1369,626
1370,723
1371,691
1372,654
1373,687
1374,715
1375,692
1376,657
1377,603
1378,800
1379,788
1380,788
1381,678
1382,726
1383,711
1384,659
1385,714
1386,663
1387,760
1388,700
1389,764
1390,635
1391,671
1392,726
1393,775
1394,688
1395,765
1396,605
1397,718
1398,651
1399,657
1400,692
1401,706
1402,701
1403,644
1404,674
1405,776
1406,711
1407,592
1408,720
1409,645
1410,715
1411,672
1412,660
1413,705
1414,664
1415,679
1416,745
1417,720
1418,737
1419,649
1420,691
1421,691
1422,626
1423,700
1424,773
1425,658
1426,722
1427,783
1428,665
1429,750
1430,625
1431,742
1432,734
1433,633
1434,675
1435,695
1436,656
1437,606
1438,718
1439,680
1440,740
1441,649
1442,684
1443,632
1444,738
1445,776
1446,759
1447,700
1448,674
1449,724
1450,664
1451,660
1452,837
1453,619
1454,757
1455,728
1456,638
1457,676
1458,707
1459,673
1460,775
1461,662
1462,709
1463,705
1464,652
1465,611
1466,678
1467,628
1468,715
1469,670
1470,815
1471,669
1472,622
1473,694
1474,671
1475,729
1476,714
1477,767
1478,774
1479,589
1480,647
1481,741
1482,742
1483,680
1484,685
1485,651
1486,798
1487,682
1488,669
1489,675
1490,741
1491,639
1492,650
1493,694
1494,736
1495,784
1496,682
1497,683
1498,721
1499,605
1500,621
1501,672
1502,678
1503,654
1504,755
1505,696
1506,707
1507,725
1508,714
1509,780
1510,796
1511,595
1512,736
1513,684
1514,683
1515,755
1516,663
1517,598
1518,647
1519,700
1520,636
1521,681
1522,698
1523,733
1524,673
1525,682
1526,645
1527,718
1528,758
1529,721
1530,659
1531,696
1532,757
1533,680
1534,673
1535,683
1536,799
1537,691
1538,685
1539,727
1540,659
1541,773
1542,727
1543,663
1544,702
1545,720
1546,770
1547,673
1548,733
1549,591
1550,673
1551,711
1552,793
1553,660
1554,746
1555,634
1556,705
1557,669
1558,702
1559,685
1560,734
1561,748
1562,580
1563,617
1564,728
1565,681
1566,714
1567,703
1568,827
1569,681
1570,669
1571,632
1572,723
1573,697
1574,752
1575,691
1576,617
1577,693
1578,728
1579,662
1580,796
1581,715
1582,725
1583,739
1584,736
1585,686
1586,822
1587,743
1588,653
1589,654
1590,690
1591,619
1592,631
1593,686
1594,680
1595,671
1596,650
1597,660
1598,753
1599,823
1600,676
1601,676
1602,665
1603,663
1604,733
1605,692
1606,626
1607,624
1608,659
1609,707
1610,708
1611,709
1612,736
1613,627
1614,702
1615,663
1616,641
1617,673
1618,620
1619,782
1620,748
1621,567
1622,655
1623,743
1624,688
1625,696
1626,686
1627,698
1628,787
1629,735
1630,664
1631,698
1632,645
1633,712
1634,747
1635,732
1636,709
1637,691
1638,677
1639,765
1640,803
1641,706
1642,726
1643,693
1644,641
1645,790
1646,662
1647,645
1648,644
1649,628
1650,729
1651,785
1652,691
1653,662
1654,653
1655,735
1656,584
1657,667
1658,766
1659,760
1660,662
1661,697
1662,712
1663,753
1664,701
1665,710
1666,736
1667,750
1668,658
1669,789
1670,689
1671,692
1672,666
1673,704
1674,707
1675,748
1676,645
1677,702
1678,723
1679,733
1680,762
1681,637
1682,734
1683,657
1684,698
1685,719
1686,705
1687,720
1688,674
1689,720
1690,693
1691,635
1692,758
1693,747
1694,619
1695,652
1696,678
1697,657
1698,821
1699,711
1700,715
1701,758
1702,654
1703,752
1704,678
1705,648
1706,693
1707,814
1708,620
1709,659
1710,678
1711,690
1712,712
1713,661
1714,659
1715,666
1716,758
1717,706
1718,730
1719,710
1720,821
1721,760
1722,657
1723,615
1724,779
1725,639
1726,705
1727,682
1728,690
1729,701
1730,704
1731,636
1732,712
1733,695
1734,679
1735,764
1736,707
1737,662
1738,657
1739,655
1740,635
1741,725
1742,714
1743,654
1744,784
1745,711
1746,689
1747,694
1748,669
1749,697
1750,648
1751,673
1752,786
1753,656
1754,732
1755,772
1756,739
1757,707
1758,686
1759,691
1760,687
1761,670
1762,809
1763,793
1764,810
1765,716
1766,734
1767,625
1768,677
1769,696
1770,694
1771,705
1772,678
1773,669
1774,686
1775,778
1776,743
1777,710
1778,780
1779,771
1780,674
1781,704
1782,756
1783,723
1784,697
1785,624
1786,759
1787,732
1788,697
1789,728
1790,668
1791,668
1792,715
1793,747
1794,751
1795,673
1796,592
1797,774
1798,725
1799,683
1800,786
1801,732
1802,799
1803,715
1804,783
1805,643
1806,634
1807,674
1808,849
1809,687
1810,722
1811,661
1812,706
1813,736
1814,688
1815,721
1816,703
1817,705
1818,693
1819,667
1820,742
1821,690
1822,725
1823,717
1824,724
1825,639
1826,734
1827,691
1828,739
1829,604
1830,623
1831,678
1832,666
1833,754
1834,705
1835,778
1836,749
1837,717
1838,700
1839,628
1840,721
1841,659
1842,678
1843,736
1844,654
1845,698
1846,758
1847,671
1848,781
1849,670
1850,707
1851,740
1852,693
1853,685
1854,701
1855,739
1856,720
1857,651
1858,691
1859,677
1860,698
1861,710
1862,634
1863,854
1864,683
1865,677
1866,719
1867,751
1868,674
1869,722
1870,689
1871,727
1872,675
1873,660
1874,738
1875,635
1876,706
1877,707
1878,686
1879,637
1880,637
1881,662
1882,640
1883,710
1884,682
1885,702
1886,741
1887,675
1888,763
1889,726
1890,746
1891,704
1892,661
1893,679
1894,692
1895,774
1896,753
1897,699
1898,646
1899,647
1900,715
1901,685
1902,722
1903,735
1904,703
1905,698
1906,709
1907,720
1908,707
1909,688
1910,790
1911,618
1912,675
1913,648
1914,736
1915,725
1916,640
1917,691
1918,715
1919,704
1920,694
1921,681
1922,622
1923,707
1924,715
1925,681
1926,672
1927,710
1928,722
1929,658
1930,702
1931,691
1932,633
1933,568
1934,734
1935,651
1936,685
1937,607
1938,663
1939,605
1940,639
1941,715
1942,620
1943,678
1944,701
1945,741
1946,678
1947,801
1948,688
1949,603
1950,722
1951,639
1952,662
1953,809
1954,729
1955,704
1956,675
1957,648
1958,669
1959,644
1960,661
1961,631
1962,671
1963,840
1964,729
1965,698
1966,719
1967,627
1968,679
1969,742
1970,644
1971,670
1972,687
1973,699
1974,796
1975,789
1976,700
1977,826
1978,754
1979,725
1980,661
1981,666
1982,667
1983,721
1984,644
1985,732
1986,673
1987,677
1988,704
1989,676
1990,657
1991,695
1992,695
1993,805
1994,692
1995,748
1996,762
1997,573
1998,652
1999,786
2000,760
2001,764
2002,663
2003,710
2004,611
2005,724
2006,692
2007,668
2008,591
2009,784
2010,769
2011,695
2012,750
2013,799
2014,607
2015,690
2016,700
2017,714
2018,710
2019,786
2020,676
2021,672
2022,701
2023,652
2024,686
2025,765
2026,677
2027,674
2028,760
2029,758
2030,724
2031,648
2032,735
2033,751
2034,724
2035,819
2036,753
2037,662
2038,709
2039,760
2040,699
2041,784
2042,634
2043,785
2044,727
2045,668
2046,631
2047,647
2048,689
2049,800
2050,712
2051,747
2052,704
2053,764
2054,657
2055,598
2056,711
2057,698
2058,818
2059,721
2060,776
2061,688
2062,855
2063,693
2064,660
2065,678
2066,694
2067,656
2068,736
2069,809
2070,642
2071,697
2072,677
2073,650
2074,722
2075,693
2076,637
2077,678
2078,673
2079,695
2080,669
2081,702
2082,683
2083,656
2084,672
2085,768
2086,674
2087,665
2088,679
2089,648
2090,735
2091,766
2092,723
2093,684
2094,701
2095,687
2096,714
2097,660
2098,725
2099,714
2100,626
2101,692
2102,762
2103,775
2104,675
2105,645
2106,709
2107,746
2108,684
2109,662
2110,741
2111,691
2112,743
2113,623
2114,707
2115,758
2116,708
2117,712
2118,715
2119,583
2120,812
2121,707
2122,733
2123,638
2124,808
2125,739
2126,626
2127,677
2128,703
2129,645
2130,689
2131,683
2132,712
2133,683
2134,670
2135,679
2136,697
2137,715
2138,709
2139,726
2140,736
2141,624
2142,724
2143,717
2144,698
2145,763
2146,748
2147,611
2148,748
2149,597
2150,740
2151,703
2152,693
2153,734
2154,686
2155,659
2156,673
2157,667
2158,725
2159,692
2160,756
2161,708
2162,696
2163,645
2164,714
2165,740
2166,743
2167,702
2168,689
2169,691
2170,704
2171,777
2172,717
2173,677
2174,665
2175,700
2176,729
2177,640
2178,712
2179,684
2180,662
2181,718
2182,672
2183,647
2184,721
2185,732
2186,625
2187,749
2188,733
2189,702
2190,634
2191,719
2192,700
2193,683
2194,802
2195,643
2196,730
2197,640
2198,631
2199,665
2200,635
2201,703
2202,686
2203,709
2204,620
2205,727
2206,662
2207,635
2208,676
2209,657
2210,727
2211,666
2212,684
2213,736
2214,606
2215,712
2216,662
2217,719
2218,764
2219,744
2220,677
2221,746
2222,727
2223,669
2224,710
2225,685
2226,604
2227,584
2228,723
2229,754
2230,662
2231,677
2232,665
2233,770
2234,692
2235,717
2236,655
2237,684
2238,788
2239,599
2240,694
2241,711
2242,695
2243,746
2244,793
2245,679
2246,671
2247,726
2248,750
2249,656
2250,689
2251,632
2252,648
2253,714
2254,718
2255,597
2256,651
2257,616
2258,684
2259,741
2260,758
2261,714
2262,718
2263,726
2264,661
2265,706
2266,707
2267,646
2268,790
2269,739
2270,676
2271,671
2272,593
2273,620
2274,632
2275,676
2276,796
2277,655
2278,717
2279,711
2280,734
2281,651
2282,771
2283,714
2284,645
2285,670
2286,699
2287,712
2288,628
2289,714
2290,690
2291,679
2292,717
2293,698
2294,779
2295,767
2296,652
2297,658
2298,680
2299,623
2300,669
2301,677
2302,703
2303,779
2304,731
2305,702
2306,654
2307,728
2308,674
2309,697
2310,632
2311,625
2312,672
2313,630
2314,597
2315,709
2316,636
2317,684
2318,715
2319,731
2320,636
2321,707
2322,744
2323,738
2324,667
2325,685
2326,673
2327,764
2328,630
2329,605
2330,689
2331,803
2332,705
2333,710
2334,808
2335,724
2336,723
2337,718
2338,685
2339,657
2340,591
2341,598
2342,665
2343,749
2344,647
2345,674
2346,767
2347,616
2348,639
2349,803
2350,681
2351,678
2352,695
2353,719
2354,631
2355,597
2356,686
2357,720
2358,615
2359,648
2360,684
2361,793
2362,740
2363,683
2364,666
2365,646
2366,682
2367,665
2368,681
2369,672
2370,707
2371,659
2372,725
2373,654
2374,653
2375,717
2376,649
2377,704
2378,747
2379,661
2380,682
2381,731
2382,748
2383,704
2384,657
2385,698
2386,621
2387,717
2388,712
2389,764
2390,655
2391,714
2392,782
2393,707
2394,705
2395,731
2396,774
2397,649
2398,647
2399,685
2400,737
2401,688
2402,684
2403,681
2404,724
2405,667
2406,756
2407,671
2408,742
2409,704
2410,621
2411,744
2412,652
2413,736
2414,722
2415,752
2416,703
2417,738
2418,736
2419,776
2420,600
2421,699
2422,624
2423,737
2424,676
2425,771
2426,718
2427,700
2428,640
2429,636
2430,738
2431,746
2432,698
2433,816
2434,683
2435,630
2436,647
2437,711
2438,754
2439,774
2440,752
2441,752
2442,737
2443,676
2444,658
2445,782
2446,619
2447,701
2448,729
2449,647
2450,730
2451,664
2452,685
2453,674
2454,654
2455,641
2456,532
2457,708
2458,611
2459,703
2460,707
2461,726
2462,712
2463,656
2464,669
2465,722
2466,804
2467,762
2468,768
2469,745
2470,741
2471,688
2472,701
2473,734
2474,654
2475,649
2476,657
2477,626
2478,714
2479,756
2480,717
2481,694
2482,763
2483,711
2484,725
2485,710
2486,766
2487,742
2488,722
2489,683
2490,664
2491,664
2492,758
2493,787
2494,752
2495,712
2496,708
2497,692
2498,610
2499,627
2500,708
2501,708
2502,663
2503,664
2504,740
2505,662
2506,655
2507,723
2508,665
2509,703
2510,701
2511,691
2512,728
2513,818
2514,693
2515,691
2516,632
2517,686
2518,637
2519,772
2520,689
2521,708
2522,698
2523,735
2524,708
2525,793
2526,706
2527,703
2528,633
2529,733
2530,736
2531,651
2532,701
2533,612
2534,676
2535,618
2536,651
2537,790
2538,694
2539,705
2540,654
2541,723
2542,636
2543,697
2544,727
2545,754
2546,768
2547,724
2548,702
2549,697
2550,589
2551,789
2552,656
2553,686
2554,770
2555,690
2556,705
2557,708
2558,664
2559,728
2560,664
2561,752
2562,624
2563,633
2564,667
2565,769
2566,762
2567,636
2568,780
2569,763
2570,714
2571,648
2572,665
2573,643
2574,698
2575,789
2576,742
2577,779
2578,654
2579,703
2580,652
2581,678
2582,681
2583,767
2584,772
2585,637
2586,712
2587,681
2588,805
2589,672
2590,659
2591,613
2592,760
2593,642
2594,817
2595,651
2596,655
2597,788
2598,702
2599,743
2600,747
2601,681
2602,629
2603,647
2604,718
2605,647
2606,660
2607,661
2608,673
2609,691
2610,711
2611,701
2612,684
2613,709
2614,732
2615,671
2616,745
2617,646
2618,753
2619,698
2620,664
2621,700
2622,784
2623,778
2624,667
2625,679
2626,695
2627,644
2628,689
2629,671
2630,682
2631,597
2632,726
2633,741
2634,692
2635,731
2636,752
2637,722
2638,708
2639,638
2640,727
2641,699
2642,689
2643,719
2644,681
2645,776
2646,693
2647,688
2648,699
2649,642
2650,684
2651,702
2652,721
2653,688
2654,794
2655,729
2656,745
2657,737
2658,701
2659,697
2660,691
2661,622
2662,601
2663,711
2664,839
2665,682
2666,664
2667,705
2668,645
2669,696
2670,679
2671,645
2672,662
2673,669
2674,696
2675,629
2676,684
2677,706
2678,812
2679,676
2680,629
2681,728
2682,703
2683,624
2684,654
2685,675
2686,659
2687,724
2688,697
2689,765
2690,710
2691,687
2692,667
2693,716
2694,707
2695,635
2696,718
2697,636
2698,738
2699,765
2700,754
2701,627
2702,757
2703,655
2704,706
2705,640
2706,645
2707,609
2708,715
2709,665
2710,743
2711,672
2712,728
2713,681
2714,684
2715,667
2716,682
2717,727
2718,679
2719,706
2720,668
2721,707
2722,692
2723,722
2724,780
2725,631
2726,680
2727,653
2728,727
2729,662
2730,639
2731,660
2732,787
2733,642
2734,705
2735,796
2736,739
2737,727
2738,718
2739,681
2740,729
2741,765
2742,622
2743,671
2744,728
2745,719
2746,636
2747,670
2748,685
2749,726
2750,567
2751,714
2752,654
2753,704
2754,703
2755,693
2756,684
2757,825
2758,682
2759,671
2760,673
2761,647
2762,695
2763,706
2764,666
2765,722
2766,748
2767,800
2768,681
2769,573
2770,622
2771,686
2772,648
2773,638
2774,664
2775,646
2776,706
2777,714
2778,767
2779,676
2780,655
2781,682
2782,601
2783,691
2784,649
2785,748
2786,631
2787,741
2788,764
2789,729
2790,797
2791,711
2792,728
2793,707
2794,691
2795,707
2796,634
2797,653
2798,654
2799,821
2800,795
2801,731
2802,667
2803,690
2804,687
2805,698
2806,753
2807,775
2808,626
2809,678
2810,655
2811,740
2812,737
2813,647
2814,628
2815,742
2816,712
2817,620
2818,735
2819,662
2820,685
2821,757
2822,650
2823,621
2824,697
2825,768
2826,737
2827,617
2828,634
2829,734
2830,735
2831,706
2832,657
2833,708
2834,719
2835,798
2836,693
2837,656
2838,672
2839,714
2840,630
2841,655
2842,727
2843,653
2844,678
2845,734
2846,662
2847,692
2848,717
2849,681
2850,724
2851,698
2852,741
2853,738
2854,743
2855,628
2856,721
2857,704
2858,671
2859,667
2860,659
2861,599
2862,785
2863,721
2864,734
2865,696
2866,701
2867,701
2868,724
2869,690
2870,676
2871,792
2872,666
2873,625
2874,657
2875,699
2876,640
2877,787
2878,772
2879,701
2880,672
2881,676
2882,647
2883,667
2884,748
2885,696
2886,697
2887,679
2888,728
2889,724
2890,720
2891,734
2892,727
2893,785
2894,607
2895,687
2896,688
2897,883
2898,696
2899,683
2900,717
2901,649
2902,571
2903,788
2904,765
2905,680
2906,761
2907,758
2908,647
2909,756
2910,712
2911,724
2912,624
2913,685
2914,688
2915,756
2916,653
2917,689
2918,688
2919,751
2920,634
2921,727
2922,730
2923,626
2924,668
2925,645
2926,727
2927,671
2928,671
2929,773
2930,768
2931,777
2932,715
2933,731
2934,677
2935,710
2936,736
2937,647
2938,701
2939,652
2940,629
2941,839
2942,619
2943,678
2944,696
2945,687
2946,633
2947,707
2948,709
2949,675
2950,712
2951,758
2952,723
2953,719
2954,628
2955,705
2956,699
2957,714
2958,812
2959,775
2960,656
2961,672
2962,747
2963,665
2964,646
2965,664
2966,654
2967,775
2968,649
2969,681
2970,698
2971,641
2972,772
2973,674
2974,532
2975,682
2976,689
2977,720
2978,678
2979,713
2980,680
2981,726
2982,655
2983,710
2984,645
2985,691
2986,748
2987,627
2988,691
2989,660
2990,675
2991,626
2992,672
2993,696
2994,749
2995,704
2996,655
2997,628
2998,657
2999,823
3000,682
3001,693
3002,726
3003,691
3004,664
3005,725
3006,634
3007,657
3008,704
3009,736
3010,776
3011,670
3012,668
3013,712
3014,746
3015,709
3016,660
3017,714
3018,719
3019,655
3020,575
3021,709
3022,732
3023,696
3024,655
3025,771
3026,649
3027,682
3028,668
3029,682
3030,671
3031,630
3032,697
3033,720
3034,643
3035,671
3036,728
3037,798
3038,688
3039,654
3040,742
3041,691
3042,694
3043,719
3044,786
3045,734
3046,661
3047,708
3048,748
3049,674
3050,710
3051,730
3052,648
3053,771
3054,705
3055,726
3056,750
3057,604
3058,766
3059,690
3060,723
3061,715
3062,659
3063,687
3064,718
3065,674
3066,660
3067,678
3068,731
3069,683
3070,704
3071,662
3072,645
3073,657
3074,639
3075,615
3076,691
3077,807
3078,805
3079,677
3080,697
3081,706
3082,805
3083,639
3084,769
3085,719
3086,726
3087,666
3088,717
3089,666
3090,712
3091,696
3092,647
3093,709
3094,676
3095,704
3096,677
3097,686
3098,599
3099,729
3100,662
3101,701
3102,736
3103,721
3104,662
3105,746
3106,672
3107,642
3108,857
3109,667
3110,714
3111,653
3112,721
3113,650
3114,763
3115,775
3116,654
3117,673
3118,625
3119,649
3120,609
3121,645
3122,614
3123,692
3124,782
3125,659
3126,587
3127,691
3128,774
3129,732
3130,739
3131,771
3132,780
3133,565
3134,687
3135,660
3136,672
3137,709
3138,635
3139,767
3140,758
3141,623
3142,634
3143,643
3144,731
3145,811
3146,703
3147,667
3148,746
3149,782
3150,693
3151,760
3152,658
3153,740
3154,704
3155,657
3156,655
3157,696
3158,608
3159,777
3160,764
3161,691
3162,720
3163,736
3164,726
3165,705
3166,746
3167,715
3168,729
3169,722
3170,676
3171,697
3172,652
3173,815
3174,625
3175,586
3176,745
3177,721
3178,641
3179,712
3180,756
3181,723
3182,781
3183,709
3184,750
3185,696
3186,681
3187,688
3188,645
3189,715
3190,616
3191,669
3192,743
3193,730
3194,754
3195,634
3196,724
3197,667
3198,765
3199,737
3200,732
3201,786
3202,660
3203,682
3204,657
3205,646
3206,745
3207,695
3208,652
3209,673
3210,698
3211,756
3212,663
3213,654
3214,605
3215,758
3216,775
3217,705
3218,664
3219,731
3220,672
3221,680
3222,779
3223,755
3224,674
3225,627
3226,692
3227,708
3228,744
3229,673
3230,568
3231,715
3232,709
3233,697
3234,728
3235,735
3236,711
3237,725
3238,808
3239,754
3240,726
3241,694
3242,742
3243,680
3244,831
3245,590
3246,706
3247,754
3248,661
3249,690
3250,597
3251,665
3252,680
3253,640
3254,687
3255,679
3256,728
3257,605
3258,697
3259,683
3260,639
3261,788
3262,651
3263,637
3264,694
3265,688
3266,708
3267,667
3268,616
3269,770
3270,643
3271,656
3272,707
3273,656
3274,721
3275,638
3276,809
3277,805
3278,715
3279,618
3280,773
3281,689
3282,672
3283,621
3284,713
3285,621
3286,624
3287,772
3288,693
3289,695
3290,624
3291,702
3292,760
3293,687
3294,652
3295,724
3296,662
3297,663
3298,648
3299,778
3300,772
3301,662
3302,676
3303,691
3304,659
3305,724
3306,714
3307,578
3308,702
3309,636
3310,738
3311,726
3312,607
3313,751
3314,690
3315,786
3316,744
3317,652
3318,742
3319,710
3320,725
3321,731
3322,713
3323,713
3324,854
3325,702
3326,681
3327,624
3328,654
3329,765
3330,746
3331,685
3332,669
3333,578
3334,641
3335,691
3336,667
3337,713
3338,716
3339,720
3340,726
3341,735
3342,709
3343,704
3344,677
3345,663
3346,631
3347,690
3348,643
3349,646
3350,732
3351,749
3352,685
3353,804
3354,638
3355,633
3356,648
3357,629
3358,569
3359,791
3360,620
3361,689
3362,723
3363,724
3364,648
3365,707
3366,723
3367,796
3368,723
3369,754
3370,704
3371,753
3372,635
3373,742
3374,659
3375,673
3376,746
3377,826
3378,667
3379,778
3380,760
3381,734
3382,768
3383,690
3384,645
3385,695
3386,702
3387,710
3388,746
3389,690
3390,684
3391,704
3392,704
3393,717
3394,781
3395,710
3396,811
3397,711
3398,694
3399,745
3400,633
3401,643
3402,621
3403,707
3404,681
3405,721
3406,731
3407,709
3408,763
3409,760
3410,677
3411,674
3412,684
3413,679
3414,731
3415,738
3416,724
3417,759
3418,685
3419,674
3420,684
3421,759
3422,748
3423,695
3424,671
3425,710
3426,784
3427,643
3428,643
3429,712
3430,723
3431,648
3432,672
3433,669
3434,703
3435,712
3436,672
3437,710
3438,666
3439,706
3440,640
3441,790
3442,742
3443,664
3444,720
3445,712
3446,756
3447,699
3448,645
3449,677
3450,697
3451,599
3452,705
3453,669
3454,676
3455,701
3456,725
3457,657
3458,651
3459,617
3460,727
3461,671
3462,691
3463,640
3464,731
3465,596
3466,615
3467,706
3468,746
3469,701
3470,696
3471,665
3472,668
3473,689
3474,684
3475,663
3476,640
3477,749
3478,606
3479,741
3480,729
3481,674
3482,702
3483,750
3484,735
3485,661
3486,629
3487,720
3488,760
3489,709
3490,713
3491,757
3492,765
3493,701
3494,724
3495,732
3496,752
3497,763
3498,719
3499,681
3500,684
3501,696
3502,775
3503,670
3504,756
3505,683
3506,735
3507,656
3508,738
3509,674
3510,704
3511,660
3512,608
3513,713
3514,702
3515,643
3516,663
3517,661
3518,694
3519,744
3520,647
3521,778
3522,674
3523,631
3524,707
3525,721
3526,722
3527,727
3528,652
3529,668
3530,727
3531,757
3532,663
3533,653
3534,656
3535,660
3536,688
3537,678
3538,647
3539,653
3540,716
3541,714
3542,695
3543,607
3544,655
3545,690
3546,739
3547,672
3548,654
3549,710
3550,566
3551,785
3552,689
3553,663
3554,704
3555,700
3556,642
3557,718
3558,776
3559,680
3560,690
3561,726
3562,776
3563,712
3564,711
3565,677
3566,728
3567,724
3568,620
3569,688
3570,720
3571,736
3572,622
3573,690
3574,645
3575,678
3576,670
3577,699
3578,775
3579,736
3580,652
3581,655
3582,667
3583,720
3584,682
3585,729
3586,828
3587,755
3588,642
3589,690
3590,605
3591,670
3592,703
3593,679
3594,627
3595,679
3596,647
3597,712
3598,712
3599,675
3600,606
3601,670
3602,680
3603,793
3604,628
3605,757
3606,773
3607,636
3608,679
3609,726
3610,705
3611,751
3612,719
3613,681
3614,620
3615,681
3616,739
3617,701
3618,676
3619,639
3620,701
3621,763
3622,625
3623,699
3624,697
3625,603
3626,752
3627,734
3628,695
3629,768
3630,678
3631,749
3632,629
3633,705
3634,644
3635,734
3636,676
3637,762
3638,741
3639,777
3640,768
3641,684
3642,670
3643,750
3644,655
3645,701
3646,731
3647,766
3648,703
3649,724
3650,730
3651,717
3652,710
3653,675
3654,655
3655,789
3656,835
3657,638
3658,656
3659,680
3660,656
3661,770
3662,649
3663,672
3664,670
3665,694
3666,614
3667,663
3668,712
3669,702
3670,671
3671,613
3672,702
3673,748
3674,728
3675,736
3676,655
3677,774
3678,769
3679,611
3680,669
3681,656
3682,765
3683,671
3684,667
3685,704
3686,698
3687,712
3688,770
3689,794
3690,701
3691,649
3692,718
3693,734
3694,737
3695,727
3696,694
3697,645
3698,591
3699,717
3700,649
3701,681
3702,674
3703,770
3704,794
3705,829
3706,728
3707,637
3708,618
3709,714
3710,699
3711,703
3712,663
3713,754
3714,686
3715,724
3716,671
3717,617
3718,732
3719,685
3720,679
3721,633
3722,718
3723,735
3724,734
3725,706
3726,669
3727,692
3728,751
3729,702
3730,673
3731,783
3732,631
3733,716
3734,696
3735,707
3736,651
3737,732
3738,618
3739,669
3740,759
3741,765
3742,707
3743,680
3744,685
3745,690
3746,635
3747,718
3748,597
3749,623
3750,622
3751,653
3752,757
3753,758
3754,667
3755,826
3756,676
3757,692
3758,757
3759,685
3760,675
3761,742
3762,608
3763,728
3764,635
3765,738
3766,777
3767,679
3768,662
3769,682
3770,677
3771,634
3772,761
3773,655
3774,761
3775,762
3776,734
3777,586
3778,631
3779,640
3780,672
3781,641
3782,717
3783,696
3784,764
3785,592
3786,668
3787,690
3788,744
3789,704
3790,719
3791,743
3792,724
3793,677
3794,741
3795,751
3796,656
3797,702
3798,706
3799,769
3800,662
3801,790
3802,620
3803,769
3804,725
3805,691
3806,696
3807,621
3808,643
3809,664
3810,749
3811,675
3812,644
3813,736
3814,631
3815,731
3816,676
3817,739
3818,688
3819,616
3820,655
3821,603
3822,742
3823,787
3824,675
3825,737
3826,628
3827,666
3828,669
3829,729
3830,704
3831,780
3832,684
3833,644
3834,763
3835,633
3836,671
3837,764
3838,652
3839,720
3840,652
3841,716
3842,725
3843,647
3844,725
3845,709
3846,732
3847,636
3848,579
3849,661
3850,714
3851,700
3852,602
3853,745
3854,750
3855,717
3856,769
3857,700
3858,696
3859,694
3860,755
3861,650
3862,698
3863,657
3864,678
3865,623
3866,707
3867,637
3868,609
3869,652
3870,701
3871,779
3872,782
3873,664
3874,705
3875,727
3876,654
3877,716
3878,698
3879,634
3880,750
3881,750
3882,706
3883,674
3884,657
3885,644
3886,722
3887,730
3888,662
3889,761
3890,702
3891,777
3892,821
3893,677
3894,682
3895,736
3896,799
3897,751
3898,703
3899,676
3900,614
3901,719
3902,785
3903,629
3904,740
3905,688
3906,740
3907,775
3908,694
3909,672
3910,758
3911,705
3912,705
3913,783
3914,712
3915,826
3916,724
3917,646
3918,699
3919,692
3920,565
3921,669
3922,735
3923,618
3924,691
3925,646
3926,755
3927,643
3928,782
3929,799
3930,594
3931,629
3932,625
3933,612
3934,783
3935,642
3936,644
3937,747
3938,688
3939,708
3940,638
3941,697
3942,654
3943,718
3944,688
3945,673
3946,641
3947,736
3948,584
3949,740
3950,683
3951,702
3952,775
3953,700
3954,780
3955,725
3956,815
3957,648
3958,710
3959,681
3960,693
3961,737
3962,624
3963,789
3964,722
3965,720
3966,720
3967,699
3968,695
3969,649
3970,662
3971,731
3972,619
3973,773
3974,763
3975,690
3976,632
3977,708
3978,782
3979,629
3980,658
3981,748
3982,678
3983,679
3984,724
3985,738
3986,628
3987,686
3988,728
3989,657
3990,669
3991,657
3992,659
3993,636
3994,738
3995,785
3996,641
3997,724
3998,701
3999,644
4000,660
4001,756
4002,695
4003,788
4004,710
4005,709
4006,637
4007,674
4008,627
4009,602
4010,635
4011,671
4012,792
4013,659
4014,635
4015,728
4016,681
4017,696
4018,679
4019,676
4020,720
4021,752
4022,695
4023,661
4024,723
4025,675
4026,772
4027,714
4028,705
4029,574
4030,770
4031,703
4032,608
4033,763
4034,703
4035,717
4036,701
4037,733
4038,705
4039,616
4040,727
4041,776
4042,726
4043,657
4044,667
4045,732
4046,645
4047,700
4048,667
4049,708
4050,704
4051,647
4052,718
4053,719
4054,709
4055,636
4056,742
4057,691
4058,655
4059,660
4060,683
4061,660
4062,614
4063,731
4064,617
4065,725
4066,745
4067,662
4068,718
4069,681
4070,785
4071,714
4072,656
4073,705
4074,646
4075,739
4076,685
4077,777
4078,608
4079,668
4080,700
4081,713
4082,720
4083,605
4084,677
4085,692
4086,673
4087,733
4088,739
4089,687
4090,653
4091,786
4092,705
4093,683
4094,720
4095,624
4096,640
4097,743
4098,730
4099,659
4100,672
4101,715
4102,852
4103,663
4104,659
4105,764
4106,717
4107,689
4108,739
4109,767
4110,726
4111,729
4112,698
4113,674
4114,723
4115,665
4116,665
4117,679
4118,688
4119,689
4120,714
4121,667
4122,772
4123,802
4124,652
4125,707
4126,670
4127,711
4128,714
4129,675
4130,626
4131,734
4132,750
4133,795
4134,699
4135,663
4136,719
4137,703
4138,569
4139,657
4140,766
4141,749
4142,668
4143,769
4144,670
4145,736
4146,677
4147,664
4148,657
4149,677
4150,735
4151,773
4152,684
4153,702
4154,660
4155,693
4156,712
4157,758
4158,784
4159,630
4160,681
4161,665
4162,612
4163,626
4164,660
4165,641
4166,669
4167,701
4168,734
4169,715
4170,757
4171,815
4172,684
4173,685
4174,710
4175,735
4176,702
4177,725
4178,710
4179,735
4180,745
4181,754
4182,771
4183,677
4184,730
4185,620
4186,760
4187,741
4188,764
4189,855
4190,620
4191,657
4192,734
4193,705
4194,792
4195,717
4196,649
4197,671
4198,690
4199,630
4200,756
4201,656
4202,637
4203,694
4204,629
4205,718
4206,784
4207,635
4208,670
4209,641
4210,711
4211,657
4212,667
4213,664
4214,640
4215,655
4216,646
4217,685
4218,713
4219,783
4220,633
4221,595
4222,696
4223,660
4224,701
4225,665
4226,756
4227,729
4228,724
4229,739
4230,682
4231,667
4232,643
4233,653
4234,719
4235,693
4236,638
4237,734
4238,653
4239,604
4240,744
4241,690
4242,692
4243,626
4244,682
4245,657
4246,647
4247,718
4248,766
4249,686
4250,806
4251,754
4252,681
4253,674
4254,683
4255,658
4256,720
4257,750
4258,744
4259,683
4260,691
4261,713
4262,676
4263,761
4264,698
4265,722
4266,687
4267,789
4268,688
4269,744
4270,748
4271,664
4272,655
4273,687
4274,729
4275,657
4276,840
4277,701
4278,623
4279,710
4280,732
4281,736
4282,749
4283,739
4284,583
4285,680
4286,751
4287,687
4288,761
4289,701
4290,696
4291,670
4292,756
4293,696
4294,605
4295,637
4296,698
4297,686
4298,625
4299,743
4300,632
4301,683
4302,704
4303,665
4304,685
4305,667
4306,678
4307,667
4308,656
4309,703
4310,654
4311,672
4312,645
4313,691
4314,639
4315,674
4316,709
4317,787
4318,620
4319,637
4320,684
4321,750
4322,664
4323,662
4324,717
4325,770
4326,666
4327,692
4328,771
4329,729
4330,686
4331,753
4332,686
4333,686
4334,693
4335,687
4336,716
4337,657
4338,698
4339,625
4340,712
4341,694
4342,731
4343,710
4344,676
4345,669
4346,722
4347,611
4348,660
4349,690
4350,672
4351,652
4352,706
4353,707
4354,743
4355,707
4356,655
4357,757
4358,706
4359,687
4360,695
4361,681
4362,737
4363,666
4364,576
4365,692
4366,719
4367,715
4368,759
4369,664
4370,587
4371,755
4372,640
4373,726
4374,638
4375,668
4376,663
4377,717
4378,738
4379,685
4380,703
4381,718
4382,692
4383,671
4384,703
4385,622
4386,697
4387,714
4388,681
4389,726
4390,659
4391,770
4392,638
4393,640
4394,631
4395,705
4396,742
4397,762
4398,657
4399,678
4400,622
4401,696
4402,685
4403,685
4404,719
4405,677
4406,710
4407,616
4408,699
4409,750
4410,669
4411,706
4412,691
4413,716
4414,723
4415,758
4416,671
4417,808
4418,664
4419,593
4420,708
4421,663
4422,644
4423,792
4424,638
4425,687
4426,742
4427,716
4428,742
4429,735
4430,760
4431,656
4432,714
4433,689
4434,709
4435,679
4436,723
4437,658
4438,679
4439,695
4440,699
4441,676
4442,730
4443,750
4444,709
4445,590
4446,662
4447,668
4448,668
4449,690
4450,739
4451,751
4452,692
4453,673
4454,596
4455,579
4456,709
4457,735
4458,756
4459,777
4460,838
4461,640
4462,607
4463,641
4464,732
4465,754
4466,695
4467,793
4468,666
4469,671
4470,627
4471,693
4472,637
4473,758
4474,688
4475,729
4476,703
4477,717
4478,678
4479,730
4480,706
4481,715
4482,671
4483,705
4484,683
4485,713
4486,680
4487,657
4488,773
4489,713
4490,625
4491,736
4492,619
4493,669
4494,708
4495,631
4496,717
4497,733
4498,672
4499,727
4500,707
4501,698
4502,679
4503,713
4504,697
4505,693
4506,727
4507,718
4508,839
4509,660
4510,673
4511,623
4512,768
4513,655
4514,665
4515,671
4516,746
4517,691
4518,732
4519,744
4520,735
4521,631
4522,734
4523,642
4524,765
4525,809
4526,714
4527,705
4528,707
4529,853
4530,730
4531,684
4532,784
4533,681
4534,753
4535,583
4536,661
4537,700
4538,649
4539,709
4540,831
4541,708
4542,717
4543,744
4544,762
4545,681
4546,678
4547,737
4548,726
4549,714
4550,716
4551,689
4552,674
4553,688
4554,663
4555,687
4556,733
4557,670
4558,653
4559,708
4560,723
4561,597
4562,615
4563,618
4564,630
4565,713
4566,733
4567,681
4568,653
4569,660
4570,664
4571,707
4572,657
4573,735
4574,741
4575,729
4576,716
4577,731
4578,755
4579,653
4580,750
4581,702
4582,640
4583,647
4584,646
4585,754
4586,727
4587,736
4588,702
4589,635
4590,740
4591,685
4592,694
4593,789
4594,691
4595,681
4596,692
4597,697
4598,682
4599,638
4600,662
4601,690
4602,594
4603,666
4604,723
4605,680
4606,660
4607,712
4608,695
4609,709
4610,698
4611,695
4612,738
4613,654
4614,700
4615,693
4616,786
4617,740
4618,617
4619,643
4620,730
4621,734
4622,681
4623,667
4624,652
4625,687
4626,677
4627,673
4628,698
4629,617
4630,734
4631,726
4632,667
4633,722
4634,716
4635,689
4636,674
4637,738
4638,593
4639,705
4640,696
4641,720
4642,711
4643,657
4644,625
4645,792
4646,751
4647,705
4648,731
4649,671
4650,678
4651,813
4652,729
4653,703
4654,732
4655,653
4656,691
4657,710
4658,692
4659,679
4660,670
4661,690
4662,670
4663,676
4664,758
4665,690
4666,695
4667,771
4668,634
4669,734
4670,752
4671,704
4672,679
4673,641
4674,605
4675,715
4676,755
4677,751
4678,657
4679,610
4680,681
4681,609
4682,646
4683,700
4684,686
4685,690
4686,705
4687,655
4688,637
4689,770
4690,783
4691,696
4692,706
4693,676
4694,644
4695,701
4696,669
4697,695
4698,655
4699,754
4700,674
4701,667
4702,662
4703,646
4704,687
4705,705
4706,658
4707,749
4708,773
4709,645
4710,734
4711,723
4712,723
4713,758
4714,668
4715,685
4716,700
4717,653
4718,681
4719,744
4720,781
4721,715
4722,736
4723,693
4724,707
4725,657
4726,752
4727,619
4728,692
4729,697
4730,643
4731,690
4732,684
4733,653
4734,653
4735,625
4736,706
4737,745
4738,773
4739,694
4740,693
4741,669
4742,785
4743,713
4744,701
4745,693
4746,721
4747,693
4748,682
4749,697
4750,660
4751,684
4752,716
4753,729
4754,730
4755,738
4756,691
4757,683
4758,693
4759,752
4760,672
4761,721
4762,721
4763,630
4764,643
4765,678
4766,620
4767,751
4768,755
4769,693
4770,787
4771,608
4772,645
4773,716
4774,724
4775,662
4776,670
4777,698
4778,641
4779,667
4780,631
4781,692
4782,688
4783,641
4784,530
4785,627
4786,700
4787,665
4788,686
4789,633
4790,661
4791,777
4792,826
4793,745
4794,668
4795,670
4796,608
4797,815
4798,676
4799,788
4800,649
4801,738
4802,759
4803,679
4804,755
4805,674
4806,633
4807,777
4808,684
4809,645
4810,725
4811,734
4812,655
4813,689
4814,695
4815,758
4816,658
4817,652
4818,650
4819,576
4820,753
4821,658
4822,661
4823,737
4824,707
4825,725
4826,667
4827,668
4828,708
4829,651
4830,668
4831,721
4832,660
4833,656
4834,821
4835,754
4836,666
4837,742
4838,604
4839,749
4840,694
4841,622
4842,716
4843,651
4844,652
4845,735
4846,724
4847,745
4848,627
4849,750
4850,741
4851,664
4852,696
4853,748
4854,698
4855,718
4856,546
4857,754
4858,640
4859,761
4860,736
4861,727
4862,661
4863,672
4864,710
4865,671
4866,638
4867,767
4868,713
4869,721
4870,697
4871,672
4872,674
4873,617
4874,694
4875,732
4876,637
4877,638
4878,685
4879,705
4880,728
4881,674
4882,771
4883,659
4884,652
4885,733
4886,699
4887,666
4888,725
4889,690
4890,616
4891,786
4892,685
4893,673
4894,672
4895,619
4896,787
4897,716
4898,653
4899,715
4900,678
4901,750
4902,615
4903,701
4904,744
4905,712
4906,693
4907,678
4908,732
4909,718
4910,693
4911,664
4912,692
4913,664
4914,684
4915,731
4916,604
4917,731
4918,700
4919,702
4920,645
4921,719
4922,638
4923,601
4924,791
4925,655
4926,718
4927,641
4928,664
4929,701
4930,716
4931,645
4932,713
4933,642
4934,641
4935,688
4936,765
4937,706
4938,664
4939,707
4940,753
4941,715
4942,723
4943,647
4944,641
4945,725
4946,646
4947,650
4948,739
4949,741
4950,664
4951,630
4952,692
4953,711
4954,722
4955,671
4956,678
4957,652
4958,767
4959,729
4960,585
4961,680
4962,670
4963,795
4964,789
4965,560
4966,679
4967,765
4968,650
4969,623
4970,644
4971,705
4972,688
4973,737
4974,675
4975,640
4976,584
4977,650
4978,671
4979,767
4980,650
4981,648
4982,769
4983,737
4984,684
4985,645
4986,519
4987,747
4988,686
4989,649
4990,659
4991,637
4992,637
4993,701
4994,647
4995,696
4996,690
4997,748
4998,690
4999,722
