forecast_origin_date,policy,eligible_candidates,capacity,selected,frozen_prioritized_list_exact,prioritized_list_rebuilt_for_scenario
2021-01-10,Multi-horizon ranking,2844,285,285,True,False
2021-01-10,Direct 60-day,2844,285,285,True,False
2021-01-24,Multi-horizon ranking,2842,285,285,True,False
2021-01-24,Direct 60-day,2842,285,285,True,False
2021-02-07,Multi-horizon ranking,2838,284,284,True,False
2021-02-07,Direct 60-day,2838,284,284,True,False
2021-02-21,Multi-horizon ranking,2838,284,284,True,False
2021-02-21,Direct 60-day,2838,284,284,True,False
2021-03-07,Multi-horizon ranking,2836,284,284,True,False
2021-03-07,Direct 60-day,2836,284,284,True,False
2021-03-21,Multi-horizon ranking,2835,284,284,True,False
2021-03-21,Direct 60-day,2835,284,284,True,False
2021-04-04,Multi-horizon ranking,2835,284,284,True,False
2021-04-04,Direct 60-day,2835,284,284,True,False
2021-04-18,Multi-horizon ranking,2834,284,284,True,False
2021-04-18,Direct 60-day,2834,284,284,True,False
2021-05-02,Multi-horizon ranking,2834,284,284,True,False
2021-05-02,Direct 60-day,2834,284,284,True,False
2021-05-16,Multi-horizon ranking,2833,284,284,True,False
2021-05-16,Direct 60-day,2833,284,284,True,False
2021-05-30,Multi-horizon ranking,2832,284,284,True,False
2021-05-30,Direct 60-day,2832,284,284,True,False
2021-06-13,Multi-horizon ranking,2830,283,283,True,False
2021-06-13,Direct 60-day,2830,283,283,True,False
2021-06-27,Multi-horizon ranking,2824,283,283,True,False
2021-06-27,Direct 60-day,2824,283,283,True,False
2021-07-11,Multi-horizon ranking,2820,282,282,True,False
2021-07-11,Direct 60-day,2820,282,282,True,False
2021-07-25,Multi-horizon ranking,2816,282,282,True,False
2021-07-25,Direct 60-day,2816,282,282,True,False
2021-08-08,Multi-horizon ranking,2817,282,282,True,False
2021-08-08,Direct 60-day,2817,282,282,True,False
2021-08-22,Multi-horizon ranking,2819,282,282,True,False
2021-08-22,Direct 60-day,2819,282,282,True,False
2021-09-05,Multi-horizon ranking,2816,282,282,True,False
2021-09-05,Direct 60-day,2816,282,282,True,False
2021-09-19,Multi-horizon ranking,2818,282,282,True,False
2021-09-19,Direct 60-day,2818,282,282,True,False
2021-10-03,Multi-horizon ranking,2821,283,283,True,False
2021-10-03,Direct 60-day,2821,283,283,True,False
2021-10-17,Multi-horizon ranking,2828,283,283,True,False
2021-10-17,Direct 60-day,2828,283,283,True,False
2021-10-31,Multi-horizon ranking,2831,284,284,True,False
2021-10-31,Direct 60-day,2831,284,284,True,False
2021-11-14,Multi-horizon ranking,2833,284,284,True,False
2021-11-14,Direct 60-day,2833,284,284,True,False
2021-11-28,Multi-horizon ranking,2835,284,284,True,False
2021-11-28,Direct 60-day,2835,284,284,True,False
2021-12-12,Multi-horizon ranking,2836,284,284,True,False
2021-12-12,Direct 60-day,2836,284,284,True,False
2021-12-26,Multi-horizon ranking,2834,284,284,True,False
2021-12-26,Direct 60-day,2834,284,284,True,False
2022-01-09,Multi-horizon ranking,2836,284,284,True,False
2022-01-09,Direct 60-day,2836,284,284,True,False
2022-01-23,Multi-horizon ranking,2835,284,284,True,False
2022-01-23,Direct 60-day,2835,284,284,True,False
2022-02-06,Multi-horizon ranking,2837,284,284,True,False
2022-02-06,Direct 60-day,2837,284,284,True,False
2022-02-20,Multi-horizon ranking,2840,284,284,True,False
2022-02-20,Direct 60-day,2840,284,284,True,False
2022-03-06,Multi-horizon ranking,2838,284,284,True,False
2022-03-06,Direct 60-day,2838,284,284,True,False
2022-03-20,Multi-horizon ranking,2838,284,284,True,False
2022-03-20,Direct 60-day,2838,284,284,True,False
2022-04-03,Multi-horizon ranking,2837,284,284,True,False
2022-04-03,Direct 60-day,2837,284,284,True,False
2022-04-17,Multi-horizon ranking,2838,284,284,True,False
2022-04-17,Direct 60-day,2838,284,284,True,False
2022-05-01,Multi-horizon ranking,2837,284,284,True,False
2022-05-01,Direct 60-day,2837,284,284,True,False
2022-05-15,Multi-horizon ranking,2835,284,284,True,False
2022-05-15,Direct 60-day,2835,284,284,True,False
2022-05-29,Multi-horizon ranking,2831,284,284,True,False
2022-05-29,Direct 60-day,2831,284,284,True,False
2022-06-12,Multi-horizon ranking,2832,284,284,True,False
2022-06-12,Direct 60-day,2832,284,284,True,False
2022-06-26,Multi-horizon ranking,2828,283,283,True,False
2022-06-26,Direct 60-day,2828,283,283,True,False
2022-07-10,Multi-horizon ranking,2829,283,283,True,False
2022-07-10,Direct 60-day,2829,283,283,True,False
2022-07-24,Multi-horizon ranking,2829,283,283,True,False
2022-07-24,Direct 60-day,2829,283,283,True,False
2022-08-07,Multi-horizon ranking,2827,283,283,True,False
2022-08-07,Direct 60-day,2827,283,283,True,False
2022-08-21,Multi-horizon ranking,2824,283,283,True,False
2022-08-21,Direct 60-day,2824,283,283,True,False
2022-09-04,Multi-horizon ranking,2824,283,283,True,False
2022-09-04,Direct 60-day,2824,283,283,True,False
2022-09-18,Multi-horizon ranking,2825,283,283,True,False
2022-09-18,Direct 60-day,2825,283,283,True,False
2022-10-02,Multi-horizon ranking,2828,283,283,True,False
2022-10-02,Direct 60-day,2828,283,283,True,False
2022-10-16,Multi-horizon ranking,2829,283,283,True,False
2022-10-16,Direct 60-day,2829,283,283,True,False
2022-10-30,Multi-horizon ranking,2832,284,284,True,False
2022-10-30,Direct 60-day,2832,284,284,True,False
2022-11-13,Multi-horizon ranking,2835,284,284,True,False
2022-11-13,Direct 60-day,2835,284,284,True,False
2022-11-27,Multi-horizon ranking,2839,284,284,True,False
2022-11-27,Direct 60-day,2839,284,284,True,False
2022-12-11,Multi-horizon ranking,2840,284,284,True,False
2022-12-11,Direct 60-day,2840,284,284,True,False
2022-12-25,Multi-horizon ranking,2841,285,285,True,False
2022-12-25,Direct 60-day,2841,285,285,True,False
2023-01-08,Multi-horizon ranking,2841,285,285,True,False
2023-01-08,Direct 60-day,2841,285,285,True,False
2023-01-22,Multi-horizon ranking,2840,284,284,True,False
2023-01-22,Direct 60-day,2840,284,284,True,False
2023-02-05,Multi-horizon ranking,2838,284,284,True,False
2023-02-05,Direct 60-day,2838,284,284,True,False
2023-02-19,Multi-horizon ranking,2836,284,284,True,False
2023-02-19,Direct 60-day,2836,284,284,True,False
2023-03-05,Multi-horizon ranking,2831,284,284,True,False
2023-03-05,Direct 60-day,2831,284,284,True,False
2023-03-19,Multi-horizon ranking,2829,283,283,True,False
2023-03-19,Direct 60-day,2829,283,283,True,False
2023-04-02,Multi-horizon ranking,2828,283,283,True,False
2023-04-02,Direct 60-day,2828,283,283,True,False
2023-04-16,Multi-horizon ranking,2830,283,283,True,False
2023-04-16,Direct 60-day,2830,283,283,True,False
2023-04-30,Multi-horizon ranking,2831,284,284,True,False
2023-04-30,Direct 60-day,2831,284,284,True,False
2023-05-14,Multi-horizon ranking,2829,283,283,True,False
2023-05-14,Direct 60-day,2829,283,283,True,False
2023-05-28,Multi-horizon ranking,2817,282,282,True,False
2023-05-28,Direct 60-day,2817,282,282,True,False
2023-06-11,Multi-horizon ranking,2813,282,282,True,False
2023-06-11,Direct 60-day,2813,282,282,True,False
2023-06-25,Multi-horizon ranking,2805,281,281,True,False
2023-06-25,Direct 60-day,2805,281,281,True,False
2023-07-09,Multi-horizon ranking,2795,280,280,True,False
2023-07-09,Direct 60-day,2795,280,280,True,False
2023-07-23,Multi-horizon ranking,2788,279,279,True,False
2023-07-23,Direct 60-day,2788,279,279,True,False
2023-08-06,Multi-horizon ranking,2772,278,278,True,False
2023-08-06,Direct 60-day,2772,278,278,True,False
2023-08-20,Multi-horizon ranking,2753,276,276,True,False
2023-08-20,Direct 60-day,2753,276,276,True,False
2023-09-03,Multi-horizon ranking,2744,275,275,True,False
2023-09-03,Direct 60-day,2744,275,275,True,False
2023-09-17,Multi-horizon ranking,2738,274,274,True,False
2023-09-17,Direct 60-day,2738,274,274,True,False
2023-10-01,Multi-horizon ranking,2727,273,273,True,False
2023-10-01,Direct 60-day,2727,273,273,True,False
2023-10-15,Multi-horizon ranking,2739,274,274,True,False
2023-10-15,Direct 60-day,2739,274,274,True,False
2023-10-29,Multi-horizon ranking,2757,276,276,True,False
2023-10-29,Direct 60-day,2757,276,276,True,False
2023-11-12,Multi-horizon ranking,2777,278,278,True,False
2023-11-12,Direct 60-day,2777,278,278,True,False
2023-11-26,Multi-horizon ranking,2817,282,282,True,False
2023-11-26,Direct 60-day,2817,282,282,True,False
2023-12-10,Multi-horizon ranking,2837,284,284,True,False
2023-12-10,Direct 60-day,2837,284,284,True,False
2023-12-24,Multi-horizon ranking,2838,284,284,True,False
2023-12-24,Direct 60-day,2838,284,284,True,False
2024-01-07,Multi-horizon ranking,2834,284,284,True,False
2024-01-07,Direct 60-day,2834,284,284,True,False
2024-01-21,Multi-horizon ranking,2836,284,284,True,False
2024-01-21,Direct 60-day,2836,284,284,True,False
2024-02-04,Multi-horizon ranking,2835,284,284,True,False
2024-02-04,Direct 60-day,2835,284,284,True,False
2024-02-18,Multi-horizon ranking,2836,284,284,True,False
2024-02-18,Direct 60-day,2836,284,284,True,False
2024-03-03,Multi-horizon ranking,2835,284,284,True,False
2024-03-03,Direct 60-day,2835,284,284,True,False
2024-03-17,Multi-horizon ranking,2832,284,284,True,False
2024-03-17,Direct 60-day,2832,284,284,True,False
2024-03-31,Multi-horizon ranking,2828,283,283,True,False
2024-03-31,Direct 60-day,2828,283,283,True,False
2024-04-14,Multi-horizon ranking,2828,283,283,True,False
2024-04-14,Direct 60-day,2828,283,283,True,False
2024-04-28,Multi-horizon ranking,2824,283,283,True,False
2024-04-28,Direct 60-day,2824,283,283,True,False
2024-05-12,Multi-horizon ranking,2818,282,282,True,False
2024-05-12,Direct 60-day,2818,282,282,True,False
2024-05-26,Multi-horizon ranking,2814,282,282,True,False
2024-05-26,Direct 60-day,2814,282,282,True,False
2024-06-09,Multi-horizon ranking,2805,281,281,True,False
2024-06-09,Direct 60-day,2805,281,281,True,False
2024-06-23,Multi-horizon ranking,2792,280,280,True,False
2024-06-23,Direct 60-day,2792,280,280,True,False
2024-07-07,Multi-horizon ranking,2772,278,278,True,False
2024-07-07,Direct 60-day,2772,278,278,True,False
2024-07-21,Multi-horizon ranking,2760,276,276,True,False
2024-07-21,Direct 60-day,2760,276,276,True,False
2024-08-04,Multi-horizon ranking,2741,275,275,True,False
2024-08-04,Direct 60-day,2741,275,275,True,False
2024-08-18,Multi-horizon ranking,2740,274,274,True,False
2024-08-18,Direct 60-day,2740,274,274,True,False
2024-09-01,Multi-horizon ranking,2713,272,272,True,False
2024-09-01,Direct 60-day,2713,272,272,True,False
2024-09-15,Multi-horizon ranking,2711,272,272,True,False
2024-09-15,Direct 60-day,2711,272,272,True,False
2024-09-29,Multi-horizon ranking,2698,270,270,True,False
2024-09-29,Direct 60-day,2698,270,270,True,False
2024-10-13,Multi-horizon ranking,2699,270,270,True,False
2024-10-13,Direct 60-day,2699,270,270,True,False
2024-10-27,Multi-horizon ranking,2721,273,273,True,False
2024-10-27,Direct 60-day,2721,273,273,True,False
2024-11-10,Multi-horizon ranking,2739,274,274,True,False
2024-11-10,Direct 60-day,2739,274,274,True,False
2024-11-24,Multi-horizon ranking,2781,279,279,True,False
2024-11-24,Direct 60-day,2781,279,279,True,False
2024-12-08,Multi-horizon ranking,2824,283,283,True,False
2024-12-08,Direct 60-day,2824,283,283,True,False
2024-12-22,Multi-horizon ranking,2829,283,283,True,False
2024-12-22,Direct 60-day,2829,283,283,True,False
2025-01-05,Multi-horizon ranking,2831,284,284,True,False
2025-01-05,Direct 60-day,2831,284,284,True,False
2025-01-19,Multi-horizon ranking,2833,284,284,True,False
2025-01-19,Direct 60-day,2833,284,284,True,False
2025-02-02,Multi-horizon ranking,2834,284,284,True,False
2025-02-02,Direct 60-day,2834,284,284,True,False
2025-02-16,Multi-horizon ranking,2840,284,284,True,False
2025-02-16,Direct 60-day,2840,284,284,True,False
2025-03-02,Multi-horizon ranking,2836,284,284,True,False
2025-03-02,Direct 60-day,2836,284,284,True,False
2025-03-16,Multi-horizon ranking,2834,284,284,True,False
2025-03-16,Direct 60-day,2834,284,284,True,False
2025-03-30,Multi-horizon ranking,2831,284,284,True,False
2025-03-30,Direct 60-day,2831,284,284,True,False
2025-04-13,Multi-horizon ranking,2831,284,284,True,False
2025-04-13,Direct 60-day,2831,284,284,True,False
2025-04-27,Multi-horizon ranking,2831,284,284,True,False
2025-04-27,Direct 60-day,2831,284,284,True,False
2025-05-11,Multi-horizon ranking,2829,283,283,True,False
2025-05-11,Direct 60-day,2829,283,283,True,False
2025-05-25,Multi-horizon ranking,2832,284,284,True,False
2025-05-25,Direct 60-day,2832,284,284,True,False
2025-06-08,Multi-horizon ranking,2827,283,283,True,False
2025-06-08,Direct 60-day,2827,283,283,True,False
2025-06-22,Multi-horizon ranking,2823,283,283,True,False
2025-06-22,Direct 60-day,2823,283,283,True,False
2025-07-06,Multi-horizon ranking,2812,282,282,True,False
2025-07-06,Direct 60-day,2812,282,282,True,False
2025-07-20,Multi-horizon ranking,2807,281,281,True,False
2025-07-20,Direct 60-day,2807,281,281,True,False
2025-08-03,Multi-horizon ranking,2789,279,279,True,False
2025-08-03,Direct 60-day,2789,279,279,True,False
2025-08-17,Multi-horizon ranking,2783,279,279,True,False
2025-08-17,Direct 60-day,2783,279,279,True,False
2025-08-31,Multi-horizon ranking,2773,278,278,True,False
2025-08-31,Direct 60-day,2773,278,278,True,False
2025-09-14,Multi-horizon ranking,2769,277,277,True,False
2025-09-14,Direct 60-day,2769,277,277,True,False
2025-09-28,Multi-horizon ranking,2769,277,277,True,False
2025-09-28,Direct 60-day,2769,277,277,True,False
2025-10-12,Multi-horizon ranking,2766,277,277,True,False
2025-10-12,Direct 60-day,2766,277,277,True,False
2025-10-26,Multi-horizon ranking,2787,279,279,True,False
2025-10-26,Direct 60-day,2787,279,279,True,False
2025-11-09,Multi-horizon ranking,2805,281,281,True,False
2025-11-09,Direct 60-day,2805,281,281,True,False
2025-11-23,Multi-horizon ranking,2831,284,284,True,False
2025-11-23,Direct 60-day,2831,284,284,True,False
2025-12-07,Multi-horizon ranking,2841,285,285,True,False
2025-12-07,Direct 60-day,2841,285,285,True,False
2025-12-21,Multi-horizon ranking,2844,285,285,True,False
2025-12-21,Direct 60-day,2844,285,285,True,False
