event_id,event_date_bracket_width_days,previous_high_chlorophyll_a_gap_days,prior_nonhigh_chlorophyll_a_count_1_60d,tight_boundary_60d,tight_boundary_90d
events__d4bc74f1bfbe2849607edb97,28.0,,1,True,True
events__74f4852cebc6d59147499354,14.0,3220.0,3,True,True
events__92cee6f30b017eef7a4247db,15.0,225.0,1,True,True
events__2feb5e6f2f550a17f0957c42,14.0,61.0,3,True,True
events__31e800ab4055c04cdcf595ad,14.0,217.0,2,True,True
events__60bbaa6d4683a78f35215bc5,211.0,,0,False,False
events__dc3a7543be530da8a520f8be,83.0,83.0,0,False,False
events__7346fa0578d28fd4e5c1de79,91.0,,0,False,False
events__c16afa5a6bfc554f80e98f6a,29.0,1450.0,2,True,True
events__8c2dee217a689e9462d44a62,27.0,376.0,2,True,True
events__c9dda3f10bbf617ee644833d,14.0,,4,True,True
events__4c1838cdb7bddec93da3e2e2,6.0,,3,True,True
events__57d830fd5b211a2ab9ff67cc,29.0,706.0,3,True,True
events__7a1a2de2c718b871a3bc5471,3052.0,3067.0,0,False,False
events__c100a71cb7878d55e5a3aa0d,14.0,69.0,3,True,True
events__6c0eac9b7895f7e3252621c5,202.0,229.0,0,False,False
events__3fc6654f9b1c18d4490676d4,20.0,232.0,4,True,True
events__007de2cce21e62fdc9ca26d4,34.0,,1,True,True
events__10f0d528b31bb779197dc67e,16.0,354.0,5,True,True
events__6faee43f9c37d2bac9037095,13.0,293.0,6,True,True
events__4c6c485da6c616f78b15f8c6,,,0,False,False
events__251b89d941dadc25b17d8b9e,28.0,416.0,1,True,True
events__a9648f53df902b5278ba404e,26.0,,2,True,True
events__2c0be52afd8dae1681212f87,35.0,,1,True,True
events__472ebe0b535bd514ae9c8c91,29.0,666.0,1,True,True
events__ab787fd28e0e7f2668e78ae3,26.0,3675.0,1,True,True
events__bd15925933c1575c6a57ca74,21.0,,3,True,True
events__2d8aeadba99bdc80cc1e77c8,14.0,,1,True,True
events__cd5fc45773984a0cc8bebaa8,20.0,,1,True,True
events__a67ce10472bec34656c305f4,81.0,663.0,0,False,True
events__ab0d73625be4e49db5b834b4,14.0,78.0,3,True,True
events__0ef901a2b8b7f4fff131c533,267.0,,0,False,False
events__caf5dc44ce36f03edf7bbf2e,23.0,,2,True,True
events__ed97c842593aa940b3c644a5,35.0,,1,True,True
events__a27b441f5f5c2ca2d280c83a,34.0,336.0,1,True,True
events__e335b950953ed1a2281bdb6f,3144.0,3304.0,0,False,False
events__1607b52b980fb5a3e8bb9ba4,224.0,224.0,0,False,False
events__d04a6b731f50111fb826d34c,174.0,174.0,0,False,False
events__5596b2e0c7cc6a3357b306a8,14.0,6529.0,4,True,True
events__8505b85021876c2911a52790,239.0,239.0,0,False,False
events__76add21c053779b228b21ee7,15.0,71.0,4,True,True
events__2ebc21bb79ecf01cd00dd535,17.0,282.0,3,True,True
events__ad82ffa10e6740ff199a7c40,308.0,,0,False,False
events__7b3e3154c16c3646ddc85b69,19.0,1770.0,3,True,True
events__f65252c6546146cd456fa950,27.0,,1,True,True
events__ef77eea58ded8be22052034a,35.0,315.0,1,True,True
events__f30d70980a108fcd3dd3cc82,28.0,300.0,1,True,True
events__599ea3af06499d147bc12cd2,14.0,,4,True,True
events__0d16b16d9da086c5498c7393,7.0,,4,True,True
events__c3730ea0eaa150c10924bdbe,32.0,,2,True,True
events__db2afbbb407c8f322d8714b7,34.0,336.0,1,True,True
events__90dc7044013ecec6f619ef32,33.0,250.0,1,True,True
events__6bb1e6d577154fde738b5b12,28.0,,1,True,True
events__5a20beb3458307a160e86124,45.0,,1,True,True
events__203edced43eaaef1a045125a,22.0,,3,True,True
events__fda974d8ebd84c53117124f9,27.0,338.0,1,True,True
events__87b6f666915b64739ceccb36,,,0,False,False
events__aadfc4a45de4e88e3062d68a,42.0,131.0,1,True,True
events__ba769987069f504063a64283,302.0,,0,False,False
events__f4ac94407aa8297163653a5f,14.0,,3,True,True
events__596b60c18eb825c2317e096d,15.0,4315.0,4,True,True
events__eeaa673288d06fbcd4832ec1,196.0,210.0,0,False,False
events__b7692c026f56b63649687704,3117.0,3173.0,0,False,False
events__097d03edc4f14d1045d4f16c,14.0,68.0,4,True,True
events__58e3ac8983eebada12587e92,27.0,315.0,3,True,True
events__68a26afeb81988ef416e7f15,13.0,294.0,4,True,True
events__23899e26e2387ab0abfe9703,29.0,,1,True,True
events__ce7cbd08cc115badfc65ab7f,69.0,357.0,0,False,True
events__f55c57b604b955cf3c50cf37,294.0,,0,False,False
events__a39eaa15b8ecff481b7b6604,196.0,,0,False,False
events__25e1a18e41d20ecf496b4b23,91.0,91.0,0,False,False
events__b4648ce389227a2a9214a07c,259.0,3942.0,0,False,False
events__baaab45a5c11a00dfa7b37f7,26.0,,1,True,True
events__aaa5f43c3798a39d1d2ee82d,28.0,,1,True,True
events__1c9c47d3ed54e4dc6a5ec2f5,28.0,700.0,1,True,True
events__43907f52661d3db69423c006,4.0,,6,True,True
events__b966b7033532e8dfaa3ea2f9,35.0,336.0,1,True,True
events__cde55eff8e3197799171a6aa,22.0,4054.0,2,True,True
events__3357f577e80c74ce9a8804ff,,,0,False,False
events__48a4c23204522e4cb9f5d7f1,28.0,855.0,2,True,True
events__ba60d4e3ea0441e86e51b611,19.0,,2,True,True
events__4ee56522cae45cc9b9274a1c,16.0,5828.0,4,True,True
events__0a732ce0b91cc585ebeedc8e,15.0,1050.0,4,True,True
events__4aafd8eb10498fa7bdfbd9b1,15.0,275.0,4,True,True
events__3bc60485015574097e9512b5,15.0,349.0,4,True,True
events__80de8ebbf6441a2cf50ddc4f,15.0,5789.0,3,True,True
events__d68a45334b6752a9d9aff49b,14.0,,4,True,True
events__1c4da6ae905575aa8aab4ce3,19.0,355.0,2,True,True
events__ac085162f1f1d1cfa3c0d511,,,0,False,False
events__3b2f7964e1e230957c1f7dff,245.0,733.0,0,False,False
events__2d5212f97076f28b2ec02141,28.0,91.0,1,True,True
events__c13f3ae8a0fb11c1cdcfb595,26.0,,2,True,True
events__f15b9290850c19511a94d0d7,13.0,4018.0,4,True,True
events__ab2e1eb67b425f98c1e83275,3117.0,4259.0,0,False,False
events__a3351fd4cf5116c1f35a95f6,26.0,,1,True,True
events__c92622221c94a538b10d2f60,,,0,False,False
events__084f61c88ae71b083c597ec9,27.0,391.0,1,True,True
events__f7f89cf4e9efdcb87c282bb1,28.0,6192.0,1,True,True
events__b2a91ecfe49a37c254f6b79c,34.0,336.0,1,True,True
events__50c665d33602a95498b0384e,29.0,342.0,1,True,True
events__cb4f23a6749433bf7e2550e1,15.0,,4,True,True
events__0532c5a5f6e06ce6a9c0ad4a,14.0,1771.0,4,True,True
events__aa9049f73a6615599b7607ec,33.0,366.0,2,True,True
events__2ea9b6f19779d09be293d080,350.0,,0,False,False
events__e3fe4f8545092aa4f37c55e2,32.0,,2,True,True
events__ff07dce67aedddbc05851807,22.0,358.0,2,True,True
events__f3ed03ccb6f524bdee908261,29.0,320.0,1,True,True
events__1961848f29d6697c1130d449,20.0,,2,True,True
events__69f98a140f7989aa9b9ad525,28.0,700.0,1,True,True
events__b9ab4ca4696cec5db2f5ad99,35.0,98.0,1,True,True
events__0af4dc2290d567b28ad6a6dd,14.0,,4,True,True
events__64ddcddc86038850f966cd7e,29.0,,1,True,True
events__2a4790ed286f1448ef5b6ac8,25.0,61.0,1,True,True
events__fed8f0e07069d933532a2378,,,0,False,False
events__c711978317b8c8d8d3e14810,245.0,413.0,0,False,False
events__3a9bcf0377a574ee3ceec648,74.0,,0,False,True
events__0d26879a35798db45e86dac6,26.0,,3,True,True
events__4e61657dcf962c34bbb676bd,35.0,312.0,1,True,True
events__2dab2825cc2a78a572c88703,14.0,295.0,2,True,True
events__3b46cee67ae2df6f881477ca,37.0,,2,True,True
events__a2fedb131487ec60ad32f9ef,,,0,False,False
events__727c3b44949c4ae4935d4ed7,35.0,754.0,1,True,True
events__4df5d9e54740e2b6cfdfd6dd,27.0,,1,True,True
events__52804d4cd091172706abad0e,36.0,,2,True,True
events__802da98d255731324b059d86,28.0,62.0,1,True,True
events__e8f467a16dbc4f442c5ab5e9,19.0,296.0,5,True,True
events__d774daec87a55b183834d257,36.0,,1,True,True
events__8014a0ae258a7670aca82dab,28.0,,2,True,True
events__66ca553bd3b9f88ea1a892d7,19.0,,3,True,True
events__1166159dc7a84f4a35688b33,17.0,330.0,4,True,True
events__c46a8a73cb95287884e8dc00,13.0,,3,True,True
events__9bc6b7246fc0d2db4d1c612e,35.0,,1,True,True
events__c14c6b45e5a459d7da86a1e1,3191.0,,0,False,False
events__19511ee7304604631446294f,14.0,785.0,5,True,True
events__d674db29697b02b5cd288391,13.0,,4,True,True
events__22f57941c00901f2323b0f7d,174.0,216.0,0,False,False
events__a931854ce72fa7876c89bd5f,267.0,,0,False,False
events__2cd830af2daba60965f06b5b,77.0,77.0,0,False,False
events__62e6bd7776a5d26486496fe9,35.0,,1,True,True
events__752cb05ec73726bb9c060e44,28.0,728.0,1,True,True
events__478e33bc2b072452b037dd45,17.0,,3,True,True
events__945e97361df8cd2ad1b84e9f,16.0,350.0,3,True,True
events__46a5028e5ee66d37afb3144c,21.0,,2,True,True
events__890593e7ceebb1d009e6a58f,21.0,267.0,1,True,True
events__5d4ab9290322a499103ff1f5,53.0,332.0,1,True,True
events__9f1cbb808108e0360a9d35e1,273.0,,0,False,False
events__8ad4273c9e8cc8a3ba5f8fca,13.0,3157.0,3,True,True
events__c26e8cb40f90d3d1c0875cfe,12.0,273.0,3,True,True
events__e6cbe125690febcfee46dccb,13.0,266.0,4,True,True
events__f26ca44ba58fc6f19d06cf5f,35.0,,2,True,True
events__e3d3f69f2e94c2339ebfe8b3,3.0,,1,True,True
events__a9375fc44a3ebfe893664a92,28.0,258.0,1,True,True
events__7767792ad643965b24428692,28.0,91.0,1,True,True
events__472f7d5d865843c2d326dc91,17.0,,4,True,True
events__e1b8d65a52580e3bf6e0b2f3,14.0,,3,True,True
events__942b48da214d4b5787d36947,21.0,342.0,3,True,True
events__68146a4d2c64d22f0f9418f0,21.0,,2,True,True
events__16aba21439b28b8f7b35d0cc,259.0,,0,False,False
events__af232a0b00b1955bb6d45a87,28.0,,1,True,True
events__19ea29dd13895325e8f58b3e,33.0,,1,True,True
events__cf048dc227038dffa59fd2a4,43.0,2893.0,1,True,True
events__99bf982c4fd34c831af2e9e9,34.0,404.0,1,True,True
events__9b2ce79944aa337d3cb744b0,282.0,1380.0,0,False,False
events__871679a267e39dce609a76ca,58.0,113.0,1,True,True
events__1a1bb5076f4cd037e87970c6,50.0,3635.0,1,True,True
events__4561a3ed7fef89d2a5a70d54,288.0,288.0,0,False,False
events__16d1508143fc016391110cab,56.0,106.0,1,True,True
events__7548254968d3cec426d78130,47.0,1097.0,1,True,True
events__5ad04e443e7c8c58cb27b4d2,224.0,224.0,0,False,False
events__fa93bce1c485f4be988f4ca1,37.0,105.0,1,True,True
events__20bfd97d7a8f1c84346ee827,50.0,1094.0,1,True,True
events__30846ff01cec0edc14412def,34.0,364.0,1,True,True
events__7b4bf68a4958c2984f836d93,49.0,2534.0,1,True,True
events__2c4811434c0ba57b71d241d7,35.0,295.0,1,True,True
events__b026690251cb93b6aeffeaad,49.0,1834.0,1,True,True
events__dd2aa4b43d1e3f934560d0bb,35.0,336.0,1,True,True
events__176d16755f6f39d88d622c0e,40.0,3198.0,1,True,True
events__b7a3af762c63b1af0a2824f1,1008.0,1008.0,0,False,False
events__3467f4bfc8104d52e6645667,288.0,288.0,0,False,False
events__0a20968702e8d3a465ee8ce1,1045.0,2486.0,0,False,False
events__9013db5d4b358a105052a821,44.0,91.0,1,True,True
events__49b599887e5f2c93ed94e353,224.0,224.0,0,False,False
events__cfde9c100c39de3290e3b6d8,37.0,106.0,1,True,True
events__b365dc1ca43619c6474411dc,49.0,1077.0,1,True,True
events__21406833f81f9ee2ec7c2151,51.0,331.0,1,True,True
events__58a26fb8c496c087c8709375,281.0,4306.0,0,False,False
events__379aa97dfc2c3b757179ec87,43.0,98.0,1,True,True
events__35b4fe96928be8d45623106b,48.0,1840.0,1,True,True
events__e716fd5d3e811ca0e23873ab,51.0,373.0,1,True,True
events__4472d50508f7b203fc298683,1043.0,1043.0,0,False,False
events__02986db25ee29d0c45f32387,43.0,92.0,1,True,True
events__7c674dcf6e84914f8a6f13d6,35.0,329.0,1,True,True
events__36c6c26da97a9ff4aa0480dd,48.0,4716.0,1,True,True
events__aaee02f2148f317e2731a657,49.0,2533.0,1,True,True
events__a57680c78ea230b767d1a859,288.0,288.0,0,False,False
events__6c58bd536cf7fbe20d76dcdd,42.0,91.0,1,True,True
events__430c203165e401c3cdabc702,33.0,7007.0,1,True,True
events__f50ebcaf6804a24fa1c77da2,48.0,3275.0,1,True,True
events__e3b6dcc62c64b043414c2f3c,49.0,1784.0,1,True,True
events__046b6f54398a8079df32f5cb,51.0,422.0,1,True,True
events__3d4500e1b428b491eb08ecaa,50.0,1064.0,1,True,True
events__2d90e338e2e087cf5eb1184e,223.0,1322.0,0,False,False
events__b60a49820a22cadc9aa8bbae,35.0,70.0,1,True,True
events__7101d1d36163566445b6ca35,41.0,,1,True,True
events__ae2825d36b0ef4ff0712633b,50.0,2982.0,1,True,True
events__94c82eb2d619a996cf4b1305,31.0,1090.0,1,True,True
events__5782c89ec6a95fbbd8ed6f39,289.0,289.0,0,False,False
events__bd8b15982a78d843c804e90e,42.0,91.0,1,True,True
events__cf68588b84a4e81855672983,47.0,1085.0,1,True,True
events__cfdabce429ae37736a5d7e73,42.0,364.0,1,True,True
events__3c736a3dae358a3a82bbcc2a,47.0,1834.0,1,True,True
events__ac34996ba879f550a0d8f7b9,42.0,364.0,1,True,True
events__623e892eb16f47643f8b6f42,48.0,1113.0,1,True,True
events__a97a859aaf7796de4ceec412,49.0,371.0,1,True,True
events__9e546a3a1f01e0473aa55c04,40.0,5122.0,1,True,True
events__bffa86ef280db47cff8e0ed8,49.0,1112.0,1,True,True
events__e9b392510109c27df7cf88fb,49.0,371.0,1,True,True
events__77cf73cb7afbf8d3d7a8929a,49.0,2178.0,1,True,True
events__2a2bfc9a90b41d3d71c2927b,49.0,1098.0,1,True,True
events__b6471dd8a11f952909ebe76b,42.0,380.0,1,True,True
events__ef899d0217f2156da08d67cd,49.0,2521.0,1,True,True
events__9b820b01542a9f4757017628,48.0,1855.0,1,True,True
events__63c6211c4234d39bb703586d,49.0,323.0,1,True,True
events__aa17ace303b435d0e4505734,48.0,1036.0,1,True,True
events__6d6ff3e3b1134cc100c974c1,49.0,364.0,1,True,True
events__314137b2a0f2ae1ba49c7f14,49.0,1834.0,1,True,True
events__30229822bab3eedbca8e5ae2,43.0,366.0,1,True,True
events__eef2849117eecb0003fafa5c,43.0,1494.0,1,True,True
events__c5fb593bbfb0a55dfa234f58,41.0,1118.0,1,True,True
events__8ef09c0570c9ba72c51c2493,43.0,353.0,1,True,True
events__e846f74198aa531005dca295,1044.0,1044.0,0,False,False
events__be25ac96609e61bb0ced42e0,33.0,419.0,1,True,True
events__6c5aff15871fa12b2dc88503,49.0,1036.0,1,True,True
events__e125911a29a9cbf92ed11820,247.0,247.0,0,False,False
events__4ce083248833afd30eda3764,35.0,69.0,1,True,True
events__24e68e44732dca3b3e7b5818,49.0,1141.0,1,True,True
events__de9e4b4fae3ec15c8265957d,43.0,379.0,1,True,True
events__27253660a4ef27761b970823,50.0,5928.0,1,True,True
events__317119327ba748f45269cda3,41.0,4072.0,1,True,True
events__04d5c4606fb658565510eb03,49.0,1430.0,1,True,True
events__a03f5efa8f17fef2a3fbb72e,49.0,329.0,1,True,True
events__5dfb17c7c765ad69fef8a606,49.0,1435.0,1,True,True
events__e887dbe8242dea023d913872,288.0,2879.0,0,False,False
events__7d73a83d72eacb55f4bfe444,39.0,88.0,1,True,True
events__4f0be8c07177c6fe80cd35e7,9.0,1110.0,8,True,True
events__f87e42fba0b2668e6115e327,34.0,2239.0,1,True,True
events__84cbdca6c067246c81c1a3dc,1384.0,1758.0,0,False,False
events__95c3a3a695faa0d964349801,288.0,288.0,0,False,False
events__c4441720d89dc3db4497f4cf,42.0,91.0,1,True,True
events__e9ff9db2bfa1ade36b5cb5b5,49.0,1049.0,1,True,True
events__b3c3e265cc86b230134c5362,49.0,371.0,1,True,True
events__198d3e8545db14e732b75255,48.0,4011.0,1,True,True
events__80edff812df042a98db1ab4f,49.0,371.0,1,True,True
events__bc93adfef205be8f27dea53d,49.0,2521.0,1,True,True
events__c4ef9d323af6f915d1c8f995,49.0,327.0,1,True,True
events__1f3ba5c0b7f80bc99be7456a,28.0,6552.0,2,True,True
events__46de82e7dbeff6513ea40aef,19.0,,3,True,True
events__a43538e8964c9f447fa6929a,953.0,2786.0,0,False,False
events__b08b50d743b4049ed970dc55,41.0,76.0,1,True,True
events__1d3420c8735253821626e7e4,16.0,,1,True,True
events__284a232b6e93c89e6bafcfa8,30.0,3627.0,2,True,True
events__e49d7cfde522d8731de50c87,35.0,1689.0,1,True,True
events__447a9d211b5a9297d6884918,34.0,3236.0,2,True,True
events__c5d9e27ca51593ec452bca50,21.0,3621.0,2,True,True
events__f2774b70a9164437b45ce329,7.0,2185.0,2,True,True
events__51d433d2377d0a9f30c19585,1303.0,1303.0,0,False,False
events__861760eed13277e197c42098,20.0,1778.0,1,True,True
events__596ea45c06d02cab76a1989d,28.0,3984.0,2,True,True
events__40e8db75d8208e6428ef42a7,36.0,656.0,1,True,True
events__fc39bc2e3f795fc3bab38459,43.0,694.0,1,True,True
events__1f0fcf6521615fc1d92d79ca,28.0,2866.0,1,True,True
events__8e34bda8ae29663e954fc091,53.0,3544.0,1,True,True
events__a885c4c3ab540c5d959329fb,61.0,61.0,0,False,False
events__74331016f7bfcbd313bd1145,29.0,1786.0,2,True,True
events__d1f90ad10eabbbae90364de6,14.0,3190.0,3,True,True
events__50daa036743037e378a7c52e,14.0,279.0,2,True,True
events__17260efbdb5c41db310a5d74,167.0,167.0,0,False,False
events__7301c1819bb62904b8d76ad7,13.0,90.0,4,True,True
events__846863a35412948322374f1c,12.0,,3,True,True
events__968c7ed0e8fd79c8a03452bf,13.0,,3,True,True
events__e8cb7b2a2ae9ee7919be9f65,,,0,False,False
events__b2a357bb7e6fd81c59f861b9,196.0,364.0,0,False,False
events__12d09359dcddc6825a5bb744,32.0,,2,True,True
events__8700a5da480c9b7a3ad14506,33.0,335.0,1,True,True
events__bca444edda08e059b01cad10,55.0,,1,True,True
events__00b332d6d7c5952d7aae725f,196.0,6037.0,0,False,False
events__397f875b366040be21cb3d0b,19.0,4710.0,4,True,True
events__931c5c0e61caad90f156c519,30.0,,2,True,True
events__84d02f7dab7b6ef02864f3df,28.0,,2,True,True
events__4d1e38596690dcd7fe70c6c3,48.0,1113.0,1,True,True
events__3f5021de5c162be77d4b3d5e,49.0,371.0,1,True,True
events__515b5444b06e592dd5be56c2,20.0,,3,True,True
events__7f69d18f81b0b7638fc12f65,7.0,1823.0,7,True,True
events__54992591efd37cdba026cc89,15.0,392.0,4,True,True
events__0c8c2a066c55bde5dfe5c3ac,4713.0,,0,False,False
events__398804b9538cc753ea63c13f,29.0,1842.0,2,True,True
events__131375ccaa48aa3a52834f20,196.0,,0,False,False
events__b82f403d91fbc6eca1d66527,28.0,,1,True,True
events__a7aec46f981b018f706ca091,14.0,6521.0,4,True,True
events__2fd1dd0e5b2ee6c53d844d1a,217.0,217.0,0,False,False
events__fc4b584c017e99d9fea50d2b,9.0,309.0,4,True,True
events__c15a2ba9715e53708cb86bd3,175.0,,0,False,False
events__752a27fd353e5e8c44457468,28.0,3690.0,2,True,True
events__b897b0d5cbe04d6d843eb92d,29.0,,1,True,True
events__2332240dd1a7dfe0aa24c8cd,41.0,301.0,1,True,True
events__ab5179996c5578a0ad660262,33.0,266.0,1,True,True
events__362504f1dcb6edc515cef94b,15.0,,4,True,True
events__0718ecc272b1af99957064a1,15.0,,3,True,True
events__82a114abac198a6902a00f8c,265.0,,0,False,False
events__d60cf43b7353978b15b3f4a6,17.0,1743.0,4,True,True
events__d53250d1a180b90862f485c3,27.0,2904.0,2,True,True
events__8e3b8c60d965e7dd61a1129d,69.0,316.0,0,False,True
events__70d92bde035e38fbae7f93af,266.0,266.0,0,False,False
events__6e3899bd0c80a5758d0c1cb1,,,0,False,False
events__1fa06b3f8fc1d8879c9f7692,35.0,2392.0,2,True,True
events__d4000afcf7f6d3264ff6165e,20.0,113.0,2,True,True
events__779f54c329738cef76f89795,36.0,98.0,2,True,True
events__ff3c8576632c78b5735b52b5,23.0,386.0,2,True,True
events__c812fd112463cf9d6ed8407c,21.0,,1,True,True
events__ba10a8707931ba87df7a001d,19.0,314.0,1,True,True
events__55801233ee3582a44758bb28,27.0,245.0,1,True,True
events__c3ddaf056f1349e3c98255e5,34.0,399.0,1,True,True
events__04665f5fc6e3009bb3e8d8ee,57.0,365.0,1,True,True
events__9d1c8ad41a0a956c9a5e6693,12.0,,5,True,True
events__8111a2e85148d70c2e3cbf15,5.0,280.0,4,True,True
events__56889412321da0dce2807127,21.0,385.0,3,True,True
events__18228793c459498226be341f,,,0,False,False
events__33d8db1c0f30d42481ffaafa,77.0,77.0,0,False,False
events__d1681813d02e3a47a48fed6b,35.0,,1,True,True
events__b4dd1c40bf0ca5cbff320f23,281.0,310.0,0,False,False
events__2ee567ba391d1d0d9bba237f,35.0,308.0,1,True,True
events__ea6bf371645abee6271279fe,21.0,5047.0,3,True,True
events__3ed6f6cd11b755e941faea7e,14.0,246.0,1,True,True
events__c82ed348ebe9fe506f837635,14.0,315.0,3,True,True
events__7d0daeb446fcf435024e94e8,15.0,3149.0,2,True,True
events__c9de73bffe525804d6e400fb,14.0,287.0,3,True,True
events__08c44951b50c9780ec40c0be,167.0,167.0,0,False,False
events__80e41a105860c7c730229653,14.0,77.0,3,True,True
events__e51829409965e6ce454ca066,28.0,,1,True,True
events__a7ce2a87700b3d008b79e6ee,28.0,1793.0,2,True,True
events__de9827045ee9a26b27d2d823,28.0,84.0,2,True,True
events__eb363d82479df23ff81caf17,21.0,1911.0,2,True,True
events__9f7e25c8fc02e1b87d2eaabe,,,0,False,False
events__e46a55f1a4530ee62c8f8571,14.0,5468.0,3,True,True
events__c953566f4e921a3b77c7d02b,,,0,False,False
events__0569d2d0249ca654e6e147c1,14.0,357.0,3,True,True
events__c6b7a78850d6150be3310522,15.0,1485.0,4,True,True
events__b8d202a294c30bd552dd3bd2,23.0,3189.0,4,True,True
events__3d700e4fc2da47a4ea0aab30,16.0,232.0,2,True,True
events__9a8943c175b30fde515bc9e6,15.0,65.0,2,True,True
events__609b32f1023c50cf7b2a6eb2,14.0,259.0,1,True,True
events__f022e3108a7905cb3892ea4c,48.0,2493.0,1,True,True
events__e17bd62d073da905778993e1,13.0,6159.0,4,True,True
events__1817c023e6eb3d2171bc05a9,49.0,2176.0,1,True,True
events__b0a0e91d6f7cbbcaf5863bcf,,,0,False,False
events__3f236445d37be45ba251fd95,14.0,2561.0,3,True,True
events__c2f4982f6cbda5c54f74c4a9,14.0,314.0,3,True,True
events__7c8edf3df9767e736ffea38a,16.0,7258.0,4,True,True
events__580351b5a642ccb379f367f1,11.0,4029.0,4,True,True
events__0b217a8d4feae936e7682a36,26.0,,2,True,True
events__13fb155a0abbf59ecc060a24,13.0,3231.0,4,True,True
events__e552630e39afe15578b8c5bd,14.0,329.0,3,True,True
events__4a2b565d9bcf56f849378453,15.0,337.0,4,True,True
events__8e668e3588f509a43bba8c35,9.0,1794.0,4,True,True
events__c81d1045f118ef86d36e312a,33.0,333.0,2,True,True
events__a5af2d71fe65bb09ce47893d,20.0,1773.0,1,True,True
events__daa880adbb2337538f2005f8,35.0,,1,True,True
events__7430f068d1e45768c383d497,14.0,3245.0,4,True,True
events__04f09178a3a47179351d84bc,15.0,378.0,5,True,True
events__a981fd959a0e15f0253eccd6,22.0,64.0,3,True,True
events__be0fb5ac598f0dc97a29ff27,27.0,1792.0,2,True,True
events__b5280d394dbbdc1968c55a56,11.0,6488.0,3,True,True
events__3a1c3072a66ad83a2e8fe9ce,41.0,,1,True,True
events__711e23d7d1992aa6d94988cb,229.0,,0,False,False
events__3947c6d08d58cac9c5ab86e0,35.0,324.0,2,True,True
events__d52fe477cb6f9e0fb9d70475,35.0,,1,True,True
events__553894dc897612c954054d15,29.0,4752.0,2,True,True
events__1f088118a184b81bac7ae867,34.0,,2,True,True
events__e9ada1c5b7c7795a87cb9607,273.0,273.0,0,False,False
events__4d609dcd0886f3b3df3d5f72,30.0,267.0,1,True,True
events__8821c5eb07c7b0553da0a9f8,13.0,3167.0,4,True,True
events__b4a22c459fadda2cd40aee3b,231.0,245.0,0,False,False
events__92f2039ca35b75be4652b3e3,14.0,5054.0,2,True,True
events__b2e2f2742b9f681075d1e2f7,14.0,260.0,2,True,True
events__e077a1b74be64a3d85aed1a9,14.0,252.0,2,True,True
events__3968d1271163b9ac158824f5,29.0,3639.0,2,True,True
events__ab0ddfc6abce10a704af2509,33.0,,1,True,True
events__fe9f75735603fe3ec2f7a63d,17.0,4002.0,4,True,True
events__14e3f61417eeb0d40e02575d,196.0,,0,False,False
events__621e2a2a923ec3c141c07be2,1.0,5132.0,5,True,True
events__0e1507a85d1f71c2ed924937,13.0,322.0,4,True,True
events__567cd5ca9a5588342138e1b6,14.0,391.0,4,True,True
events__31be433250c871e44fe0736d,29.0,1786.0,2,True,True
events__1556e07eb83781026f12baad,14.0,,4,True,True
events__66f28b65abbc8aaaabcc6ea0,14.0,,4,True,True
events__f992f0138b0d5630f3cc9358,13.0,1856.0,4,True,True
events__c895efe7c7d24af3c1ea7221,20.0,,1,True,True
events__12c1d17b5a1a888b44e32700,34.0,64.0,1,True,True
events__ebeb04b826d0ec390b2b4bf4,36.0,64.0,1,True,True
events__a8a6ae14a5c66afb315e4227,28.0,692.0,2,True,True
events__533bc37d1d5d7b9bf430563a,,,0,False,False
events__bf6f86ddfed07807b69b7d3f,32.0,,2,True,True
events__f86d55cdd661bab24d865903,15.0,,4,True,True
events__40108a5499c8ab558240f738,43.0,4404.0,1,True,True
events__916dcb062b6a852be33d87ea,4.0,1821.0,7,True,True
events__ffd65fe6bfb6dd2fe6a59290,28.0,1764.0,2,True,True
events__8c07807b93ecd4a29e24457a,28.0,4452.0,1,True,True
events__798f625052112279aa66ffbd,217.0,5431.0,0,False,False
events__e02c509958e71f2307f33b5f,85.0,85.0,0,False,False
events__6aa1c546bb7cf76e7b62dfa4,15.0,,4,True,True
events__64082411e036f8d4e79299d5,259.0,314.0,0,False,False
events__ad270c804aecb6bfae6c8760,15.0,,4,True,True
events__f0b8e7968cbcdb9817bd980e,232.0,246.0,0,False,False
events__062dbc5a87e1ac848b02d6bc,15.0,3740.0,3,True,True
events__35f0e74f91a9798f74f74f78,17.0,334.0,7,True,True
events__1ea5087e7eb222c8f7bf9dd0,11.0,,1,True,True
events__b1da60ef34dab7634f68835b,14.0,442.0,4,True,True
events__e25aa48c655d3f226e952574,1315.0,1315.0,0,False,False
events__0db39bb6c0079c4cb817e038,32.0,200.0,2,True,True
events__403540d5c00f41dc5fe50333,14.0,1687.0,1,True,True
events__991d67679ba2c2b782dbd913,13.0,83.0,2,True,True
events__93f3ff929d46154cfd7d74a1,3140.0,3562.0,0,False,False
events__e31822e40393ad387c523541,27.0,467.0,3,True,True
events__d6d84a138b08784e53ab71a3,14.0,70.0,4,True,True
events__81e8ef987b5a134c60369125,15.0,323.0,4,True,True
events__b39bdc4d5aae6cf2f7eff8b1,,,0,False,False
events__baeca2dee1c79aedfb3b1d30,232.0,245.0,0,False,False
events__6ab624bcde31ef94a9dfa17f,14.0,4738.0,4,True,True
events__6b3476ce136bc7d6cac23145,69.0,,0,False,True
events__86c4402de15d388fa4d85ca5,266.0,266.0,0,False,False
events__be26d60495637aeb547bde1d,16.0,,3,True,True
events__64e839691ecb8106b3eb77a9,13.0,3218.0,4,True,True
events__e7047490365f9744048dceb9,14.0,287.0,3,True,True
events__7177711cecff4491f77c2102,14.0,272.0,5,True,True
events__6d21c325857e8b2bb99aa138,14.0,5461.0,1,True,True
events__3abbfdb1eb09e81c22d2ca41,4577.0,4592.0,0,False,False
events__eaf41bebdb6d0dc6531da779,233.0,387.0,0,False,False
events__a54d6d6c16286f43014a19f5,35.0,1883.0,1,True,True
events__c6c9332adee2dc3c3983c8e5,22.0,302.0,1,True,True
events__afc0259c512526661630c8c6,49.0,288.0,1,True,True
events__f2d1747bdc643065d514c0c4,22.0,4376.0,2,True,True
events__fc381d17871babafeaf0f278,41.0,1399.0,1,True,True
events__3f3237d898b75d5d4f9e09c6,62.0,1225.0,0,False,True
events__9e13b8e81f3b389aeb1cd6ed,49.0,1037.0,1,True,True
events__da0428b685ecd072384be9b0,50.0,244.0,1,True,True
events__54df8c622c9e7d065a0e54ed,27.0,113.0,2,True,True
events__fb38a277fb6542fe227f9563,21.0,125.0,2,True,True
events__4cfca0b27cb52ebc34d22c47,48.0,106.0,1,True,True
events__3196bf17df15abc0587e91a5,35.0,99.0,1,True,True
events__15c11493e633088b14524dd5,28.0,272.0,1,True,True
events__1ac8e335836e6735ad42ea6f,48.0,85.0,1,True,True
events__d8a100fc70e963fbf4dff276,62.0,62.0,0,False,False
events__b8ff4f3f53aa3e64d1e4d9b9,63.0,245.0,0,False,True
events__4585d0e68d2175544ffc1c25,63.0,120.0,0,False,True
events__a732876c98c7423b16e3bc87,68.0,125.0,0,False,True
events__ee9f4f8bcce88655030a8c33,21.0,1470.0,1,True,True
events__1a3dcbcf4d61bddfb43a92bb,49.0,365.0,1,True,True
events__b77fc82a8ced123941c7b36c,63.0,63.0,0,False,False
events__f42717a4fbed03846a1f25d7,56.0,300.0,1,True,True
events__1fce74c235f97ff183062c11,22.0,267.0,1,True,True
events__243c8fe5e5db12e1f5ad98fb,49.0,288.0,1,True,True
events__b83650bda31b4977c20b2fda,64.0,5021.0,0,False,True
events__ae17b14b08ce0b76db52cfa8,34.0,1071.0,2,True,True
events__cbf7bfd715b43a301c06f251,63.0,798.0,0,False,True
events__7d969abcb65070dfbdb54143,63.0,301.0,0,False,True
events__ce0c91f7e8caf4aa2c38e63f,63.0,763.0,0,False,True
events__5118a67d3d8f72d81be51368,63.0,364.0,0,False,True
events__52403c83d277f504ccfcef13,27.0,329.0,1,True,True
events__fce2030e2791d71be9527390,2030.0,4247.0,0,False,False
events__afd3642ca0a58a94fcd1c961,57.0,,1,True,True
events__36a080d106a086a2c74d9305,1710.0,,0,False,False
events__d89120a0c38c7a78f1046af3,42.0,63.0,1,True,True
events__222159b8671a6c492f99e7cc,29.0,1758.0,1,True,True
events__fb8a3b2a30483df0016ef880,23.0,92.0,1,True,True
events__342f14d2df6213c230fc9c12,1706.0,1706.0,0,False,False
events__0d93a381ac64ab080417f760,36.0,2492.0,1,True,True
events__75f9ec5dd351c788111fe152,34.0,90.0,1,True,True
events__e9caf5c542adf0b9daeaba0b,35.0,183.0,2,True,True
events__04eba86e2da32a011571f100,28.0,62.0,1,True,True
events__b840c17b2d236228aa5c59a8,35.0,175.0,1,True,True
events__1e87d5325bdd809a86af78b4,28.0,85.0,1,True,True
events__b7f8224a7cb70abe3e97bbf0,108.0,1423.0,0,False,False
events__c1bad11a0a0b24cb46c9ecfb,24.0,3172.0,2,True,True
events__5d3b711577476c5dc9812cad,27.0,258.0,2,True,True
events__b9011b010fa1abb7071b31cb,91.0,2893.0,0,False,False
events__ccb4f2ab2ede2a7eac360df4,91.0,91.0,0,False,False
events__28186724bed4b5b2b2ab39de,4.0,,2,True,True
events__63bc58898143726779ed17fd,133.0,4379.0,0,False,False
events__f82a79d4f6dafb75de23683d,1.0,,1,True,True
events__88fed7d7a985affa40712b1b,61.0,1048.0,0,False,True
events__289d48a328af26ee8c876c30,85.0,394.0,0,False,True
events__c983cc5aecdb0583758d216b,33.0,1552.0,1,True,True
events__944963b4ced0cfa7b18e24cf,62.0,670.0,0,False,True
events__bcee6eab81cb21658f515d42,70.0,70.0,0,False,False
events__96fb455538baaf5b43ea774c,21.0,237.0,2,True,True
events__4b3b2fff1dc3baaa773dc96f,1.0,70.0,1,True,True
events__3dcf13e16326dbbf3f13fb40,29.0,64.0,1,True,True
events__537e84fa1ef2d88f56656e10,29.0,275.0,1,True,True
events__a644fefdecc07c206f24b415,49.0,91.0,1,True,True
events__d71345cad6cd25b3be6d9b87,9.0,546.0,1,True,True
events__3d7ddd774ba0ceb393b954d5,62.0,62.0,0,False,False
events__140e6a81880bfb71b7903d41,23.0,553.0,3,True,True
events__fef5fce66c5e152decb3b87b,28.0,5076.0,3,True,True
events__fd0f57c4eb967fa731a5eca0,35.0,367.0,2,True,True
events__29bc3fe84baba37431be8faf,29.0,1590.0,4,True,True
events__ce9acd6bf3bea22740dcd8ff,71.0,1066.0,0,False,True
events__fb922d6477f1d7a67081d479,67.0,754.0,0,False,True
events__8a41c329ddd7bb9688b48cf3,84.0,6109.0,0,False,True
events__6859a71f6a536e11ce4bd7ba,4.0,,3,True,True
events__f7e396ce097110533f95f788,14.0,,3,True,True
events__3b3ba65e0d39262dd45a631a,490.0,939.0,0,False,False
events__02b70a329a51c09a3f22075c,28.0,6442.0,3,True,True
events__32c157d8a4bc9edc56ea2439,23.0,298.0,3,True,True
events__0d60b52318a746950a8d50e1,11.0,667.0,2,True,True
events__2d03b0ed27090d7f81b9a02b,35.0,63.0,2,True,True
events__5785a5ef028cf1436558fffc,7.0,75.0,2,True,True
events__968a87a164d413c68e789634,170.0,,0,False,False
events__4c720c1a344e5e1f270871f4,131.0,300.0,0,False,False
events__8a43812c83982430d720bcb6,4818.0,5735.0,0,False,False
events__526face364b6648e4461e9b9,23.0,210.0,1,True,True
events__9844f0676d15e4378238693b,76.0,76.0,0,False,False
events__8d8bd66a76019a17cb4e8b1c,454.0,454.0,0,False,False
events__24cd74d6a6bcd45db85551fb,40.0,,1,True,True
events__e9684fe5fdbd532b7e34bc52,1.0,274.0,1,True,True
events__a516c5e94be48d19824685fc,5606.0,,0,False,False
events__14fc4c75eb56330aabb3ebf9,57.0,87.0,1,True,True
events__06e508849824b628973d709e,67.0,67.0,0,False,False
events__897daac684d4fb9db95e4386,44.0,93.0,1,True,True
events__6133465e111ca1a079b0df57,92.0,92.0,0,False,False
events__c76c130a169c791ac42b0f20,91.0,126.0,0,False,False
events__27cee2604d0a430bc2a2cb63,105.0,152.0,0,False,False
events__2712190b7ef9208e8c5db57c,104.0,104.0,0,False,False
events__31f5a96b3c40faad9e9622a6,63.0,63.0,0,False,False
events__6f72913feaa42f2cd05f8390,63.0,63.0,0,False,False
events__6137635caa1bddca6884f4b7,3715.0,3715.0,0,False,False
events__b452e3f97a1a4222370b5508,77.0,322.0,0,False,True
events__8c76ecb61bf190275377ce35,120.0,484.0,0,False,False
events__177c74f05e67864bde46ba87,120.0,979.0,0,False,False
events__dd3db2fb8e464a24756418be,133.0,944.0,0,False,False
events__b2cecee45c8dcb29e139405d,36.0,792.0,1,True,True
events__d0694d85e601b11c81b52582,23.0,418.0,2,True,True
events__70ee210e7058529a5b77f6f6,477.0,3599.0,0,False,False
events__cf8260aaa4d61b045591ac98,159.0,,0,False,False
events__6c741aeb8d4320716358b1a7,105.0,1478.0,0,False,False
events__5dad5d0a472a40a8529ecf1a,103.0,2030.0,0,False,False
events__4310a4022ef75747731039a3,84.0,357.0,0,False,True
events__b016ee33c7c05522316e57e3,91.0,462.0,0,False,False
events__8093bd5492144e93ab2903c0,105.0,189.0,0,False,False
events__43be6141e6970d0de00bf4ca,14.0,,2,True,True
events__fc24f5eceab006d757bbe04f,108.0,1011.0,0,False,False
events__eb212bb9e08170922cae865b,90.0,418.0,0,False,True
events__eba31b764671e7efa9e6e8df,89.0,455.0,0,False,True
events__478641dc2dd2d76ffea2f7df,53.0,1523.0,1,True,True
events__6e8d24e66b740c790a128ddb,5572.0,5931.0,0,False,False
events__7a07af134917578ca777e7b9,263.0,2430.0,0,False,False
events__7a1e633b4f8ef4419b21312d,33.0,670.0,2,True,True
events__73148c6bf3ccb360a8e818d8,105.0,2182.0,0,False,False
events__29c3492716d846ffd24164c6,19.0,335.0,2,True,True
events__81f683a1ca42b5fcf30a2943,855.0,,0,False,False
events__14e5945dc756d4d0024bcc01,99.0,1218.0,0,False,False
events__283f0c1aa5b99dc1c87ac1ae,113.0,113.0,0,False,False
events__2e7a7769b92cdec0b8ec4066,95.0,95.0,0,False,False
events__fed51dae6978e268cf3b3b7a,91.0,91.0,0,False,False
events__dee818d01af53078c7adf8c6,71.0,156.0,0,False,True
events__871b2d454843fb236b28dcf5,82.0,82.0,0,False,False
events__54e2610bee189650cf0c7c71,91.0,91.0,0,False,False
events__020565de9fd5b4f8611de1f6,129.0,129.0,0,False,False
events__288d43f795b019b95547f35b,81.0,81.0,0,False,False
events__28d260b82a84f7061f716b7d,93.0,93.0,0,False,False
events__40fd5374de1d16b2fa75a974,104.0,104.0,0,False,False
events__666c36daafcec5c6f1ea93c5,77.0,77.0,0,False,False
events__ed51262fee705a08daf7bcdb,107.0,107.0,0,False,False
events__f972c9a80bd95071f358ace6,82.0,82.0,0,False,False
events__8203f422945d5f48460d0f0f,90.0,90.0,0,False,False
events__c5400be4109afc97d14a3333,98.0,98.0,0,False,False
events__7b8e175257d753a7838c9395,86.0,86.0,0,False,False
events__a098d1f8bb141f9b250b5e97,95.0,187.0,0,False,False
events__844411efc74e5399664883cd,31.0,6489.0,1,True,True
events__a3669b67e90f0ca419740032,53.0,88.0,1,True,True
events__a3fc33a1468e6bcb663ae1db,93.0,93.0,0,False,False
events__de198052d64d13dff6e886d6,28.0,97.0,1,True,True
events__fa1bf5e990a77352d7a87f1a,46.0,230.0,1,True,True
events__b036f25968f4c090895f1fc2,42.0,,1,True,True
events__5b5d3d86586ef3b06152a982,119.0,119.0,0,False,False
events__33219c9ba8aabd777725ca4c,84.0,84.0,0,False,False
events__cd2d819266d080e4f35ee7e0,77.0,820.0,0,False,True
events__0fce51ca2062f7f9f29bda82,91.0,91.0,0,False,False
events__c4db5daf8b7ec377811ed8a0,91.0,91.0,0,False,False
events__28c03bcbdd0b800bc76e0b96,98.0,98.0,0,False,False
events__84ae325789e1684f1a7adcae,110.0,110.0,0,False,False
events__22f6bd1cd21986c9d9b9783f,92.0,163.0,0,False,False
events__61c77c19d4d15d69630d300a,91.0,91.0,0,False,False
events__4ec29cef8c74329735f90cb9,84.0,84.0,0,False,False
events__4a4aa9b25e14bbd277b329d6,84.0,482.0,0,False,True
events__42a0b92b9028a69c23472ca7,91.0,91.0,0,False,False
events__9a740b1fc8e3be39f3ffa375,92.0,92.0,0,False,False
events__f62e45d3ebd3f702babd61b9,77.0,637.0,0,False,True
events__0c713821a425b85f6424a438,110.0,390.0,0,False,False
events__3dfc1fc0e1dd4cf3b5ba76df,71.0,71.0,0,False,False
events__e12ec66983eb1de7ee3faac9,84.0,267.0,0,False,True
events__c362b07e6efcc2a3108eccd4,35.0,249.0,1,True,True
events__f1a1172bd9652cb4dbdfcb57,26.0,75.0,2,True,True
events__2f5f30950eb15c7aeb863e75,17.0,136.0,1,True,True
events__2fcd822c17e08c9501eff93d,23.0,89.0,2,True,True
events__e30e2fb9be790dd13791e4ab,51.0,1325.0,1,True,True
events__6659bd84b00da2ff1043a73c,33.0,,2,True,True
events__a83864aa8de47d077ecbde84,44.0,,1,True,True
events__1cd1add519b11c7d74bdc216,41.0,411.0,1,True,True
events__e0d163a24ec7e2465b8b210f,91.0,1371.0,0,False,False
events__3f423ebd1cb7f9865dc73796,83.0,364.0,0,False,True
events__81b3d6e4d6380b95ccf971d2,98.0,189.0,0,False,False
events__1d29491095e6e8938bbb7e7f,276.0,276.0,0,False,False
events__3cab13eb19cfffec6cbb99f3,53.0,86.0,1,True,True
events__11d11ef7b86f7ada7a699f45,826.0,855.0,0,False,False
events__187553b7468c1aa61b78f8df,62.0,62.0,0,False,False
events__92dcf7b77618f20a6ae62c85,95.0,3953.0,0,False,False
events__3857ef0fdd1057f42364e557,784.0,784.0,0,False,False
events__02d381cfa2d7225e9bd39d49,560.0,560.0,0,False,False
events__2ef1d4b96a29513ce801b15a,62.0,62.0,0,False,False
events__474e5a040c5afc74c8c62906,65.0,220.0,0,False,True
events__b6a88abcd9fc8aed8a76e2b1,162.0,331.0,0,False,False
events__b592fa80b6c91a5964c58e0f,56.0,944.0,1,True,True
events__4d5cb3eb4846eab3c80626c7,34.0,,1,True,True
events__38ca578c5ed9e7d7bb1c3466,1271.0,1300.0,0,False,False
events__a57eeb4a3a1c597af7a3d1dc,28.0,126.0,1,True,True
events__37fdf8bd8a07358c1522c755,62.0,62.0,0,False,False
events__45e85aae5b74130febea1057,40.0,150.0,1,True,True
events__ba11ddafddadb37da31e32ba,89.0,89.0,0,False,False
events__2a3c77ea2dbc532065083059,16.0,99.0,2,True,True
events__0c26263b239ec0909fda9e80,10.0,74.0,1,True,True
events__43abdb378d76499381b5edec,43.0,104.0,2,True,True
events__4e984cdf57dd2df878586e71,21.0,77.0,1,True,True
events__34b9a20a15405ab25a7c6aca,119.0,119.0,0,False,False
events__4b763e6ef659c0af24efa281,92.0,92.0,0,False,False
events__26d821e54d9424ce9c40a78e,98.0,98.0,0,False,False
events__f3498369623824bd984fca35,85.0,85.0,0,False,False
events__70af8a7e713b5702c1245b8c,71.0,71.0,0,False,False
events__a2854ca3cd9119570a5f3368,81.0,81.0,0,False,False
events__0755c9ec32dbd9087a97c26c,91.0,91.0,0,False,False
events__b1d4c8b96da30941ac175c5f,119.0,119.0,0,False,False
events__648640571a7044b8ace413ee,106.0,106.0,0,False,False
events__c6bfb9368d87089e9b4a34e1,92.0,92.0,0,False,False
events__fc66932f0f784ac5e982e7b7,102.0,278.0,0,False,False
events__bc46dda4e5fc14535b5ee77e,93.0,93.0,0,False,False
events__5abce9f3a888b1b65c9c20ab,84.0,84.0,0,False,False
events__21046d557697882cd78a53f7,97.0,97.0,0,False,False
events__3357d82d47d462206ccb340e,86.0,86.0,0,False,False
events__f052d288675f1a232ddf6073,98.0,98.0,0,False,False
events__3ab3297f52a508301db769ab,82.0,82.0,0,False,False
events__cc753259d0297ac2703ac16a,1.0,,3,True,True
events__6fd03baa0842a7c79388bc7d,25.0,2638.0,1,True,True
events__f49a08f9df0166b9bc4f03ea,28.0,63.0,1,True,True
events__0cbd5af46890c99b7b766414,30.0,63.0,1,True,True
events__227c0316c3101ffe0c867728,18.0,,3,True,True
events__a099c758e20d5dcbb410cdb3,92.0,,0,False,False
events__e90e2a67c81c3e232c0c9f32,37.0,,2,True,True
events__c155c2e7caaa6f31f83ebb15,269.0,2049.0,0,False,False
events__f4df429f5181f92e88e1b456,91.0,2043.0,0,False,False
events__238aed6b3b9288052698a437,91.0,364.0,0,False,False
events__6621b794aa325ac371615adc,98.0,98.0,0,False,False
events__f4faf004302ba36fd73baa7d,186.0,186.0,0,False,False
events__917e2b719665f8d7661123ab,73.0,73.0,0,False,False
events__bc21ecca4daa87491bf84208,77.0,77.0,0,False,False
events__70d2eb7236d5ada581259d47,342.0,342.0,0,False,False
events__4f3aa6e613dba9524de5319b,227.0,227.0,0,False,False
events__a25faefdd8444e59f3ffeb2f,25.0,225.0,1,True,True
events__79d34991d354c54fef070c26,84.0,84.0,0,False,False
events__21d01b8d5c7b3721750ad7b7,91.0,364.0,0,False,False
events__096b9cc0dfba8b41cca6004a,98.0,98.0,0,False,False
events__7c2c611a2c5e47d7211e5141,23.0,2400.0,2,True,True
events__eff81307cadb92a50c868a07,552.0,1352.0,0,False,False
events__7d30813aeb077b40d8726544,84.0,1401.0,0,False,True
events__e1414100f88887aca7628a74,14.0,379.0,1,True,True
events__f3e15cd32205fe3c96695924,148.0,248.0,0,False,False
events__a68dfb19d00dc9726c2f4897,73.0,726.0,0,False,True
events__88ddca84d72f6d76080a6607,78.0,1030.0,0,False,True
events__861422b802633328fb0678e8,64.0,64.0,0,False,False
events__e850d1edcac23cf412c8e8d5,13.0,,1,True,True
events__12e25a59e4e48ec4c4ce79f3,28.0,265.0,1,True,True
events__d9bf205b841cf28d96a055cf,10.0,,1,True,True
events__57de43d0b43a7f4bb4c18a38,,,0,False,False
events__e1dfa90bf3b22c1fffe7efdb,71.0,71.0,0,False,False
events__b2995b2de2a456820a841c8f,14.0,,4,True,True
events__3e1e4d91f55636c84a4a382c,15.0,673.0,3,True,True
events__ca53cffb16c22e1a671dd5e0,27.0,,1,True,True
events__f72434eac32fb5f335604b4c,35.0,1388.0,1,True,True
events__d3819b59803c236ce0a81836,36.0,,1,True,True
events__6f41303e9a727700561a8cbf,20.0,265.0,1,True,True
events__a084ca7feb63068ed6a0f5b7,966.0,966.0,0,False,False
events__f66a65dc328c09fa745b0ad4,28.0,126.0,1,True,True
events__3ef46bd00fc6df46bf7ca9d3,28.0,2093.0,1,True,True
events__97f969baf617c1d0ddf11169,28.0,329.0,2,True,True
events__cd66e9135576d79aea065c0a,293.0,2493.0,0,False,False
events__f9ce3d43ce75372337eaeb43,35.0,1794.0,1,True,True
events__68afaed6a1c383b374d3c607,33.0,273.0,1,True,True
events__dfa0e17fd7b864c71bfcef45,42.0,,1,True,True
