path,role,rows,column_count,columns
03_figure_source_data/Figure_1/geographic_counts.csv,figure_source_data,347,4,population_id | classification_type | classification_value | lake_count
03_figure_source_data/Figure_1/lake_support.csv,figure_source_data,2844,22,lake_id | longitude | latitude | x_epsg5070_m | y_epsg5070_m | coordinate_source_id | coordinate_crs | state | ecoregion_source | ecoregion_display | conus_bounds_valid | candidate_universe | temporal_evaluation_period_candidate_domain | temporal_evaluation_monitoring_lake_domain | has_frozen_pre2021_predictor_history | has_post2020_temporal_evaluation_chla_history | formal_event_lake | formal_event_event_count | multi_horizon_ever_selected | direct_60_day_ever_selected | policy_overlap_ever_selected | ever_selected_role
03_figure_source_data/Figure_1/population_summary.csv,figure_source_data,10,8,population_id | definition | lake_count | coordinate_missing_count | coordinate_invalid_count | conus_out_of_bounds_count | state_count | ecoregion_count
03_figure_source_data/Figure_2/bootstrap_event_support.csv,figure_source_data,5000,2,bootstrap_draw | total_event_copies
03_figure_source_data/Figure_2/forecast_origin_capacity.csv,figure_source_data,260,7,forecast_origin_date | policy | eligible_candidates | capacity | selected | frozen_prioritized_list_exact | prioritized_list_rebuilt_for_scenario
03_figure_source_data/Figure_3/bootstrap_draws.csv,figure_source_data,5000,8,bootstrap_draw | total_event_copies | captured__primary_31_60__multi_horizon | captured__primary_31_60__direct_60_day | capture_rate_difference__primary_31_60 | captured__secondary_1_60__multi_horizon | captured__secondary_1_60__direct_60_day | capture_rate_difference__secondary_1_60
03_figure_source_data/Figure_3/endpoint_summary.csv,figure_source_data,2,16,endpoint | lead_min_days | lead_max_days | candidate_policy | baseline_policy | all_events_denominator | candidate_captured | baseline_captured | candidate_capture_rate | baseline_capture_rate | point_difference | percentile_ci_low | percentile_ci_high | ci_level | bootstrap_replicates | eligible_for_confirmatory_test
03_figure_source_data/Figure_3/event_roles.csv,figure_source_data,696,5,event_id | multi_horizon_primary | multi_horizon_secondary | direct_60_day_primary | direct_60_day_secondary
03_figure_source_data/Figure_3/point_estimates.csv,figure_source_data,4,6,endpoint | policy | all_events_denominator | captured_events | capture_rate | selected_candidate_selections
03_figure_source_data/Figure_4/forecast_origin_overlap.csv,figure_source_data,130,6,forecast_origin_date | q_only | d_only | both | cap | overlap
03_figure_source_data/Figure_4/threshold_zoom.csv,figure_source_data,12027,4,candidate_row_key | forecast_origin_date | q_norm | d_norm
03_figure_source_data/Figure_5/source_data.csv,figure_source_data,93,14,capacity_percent | capacity_fraction | endpoint | policy | event_n | captured_events | coverage_percent | selected_slots | analysis_role | difference_pp | ci_low_pp | ci_high_pp | ci_source | display_name
03_figure_source_data/Figure_S1/annual_support.csv,figure_source_data,5,8,year | events | lakes | states | candidate_coverage_1_60d | candidate_coverage_31_60d | immediate_prior_nonhigh_chlorophyll_a | tight_boundary_60d
03_figure_source_data/Figure_S1/events.csv,figure_source_data,696,30,lake_id | event_date | event_chla_ug_l | previous_high_chlorophyll_a_gap_days | minimum_event_separation_days | event_id | year | state | ecoregion | prior_observation_count_all_history | prior_observation_count_1_60d | prior_nonhigh_chlorophyll_a_count_1_60d | prior_observation_count_31_60d | prior_nonhigh_chlorophyll_a_count_31_60d | previous_observation_date | previous_observation_chla_ug_l | previous_observation_nonhigh_chlorophyll_a | event_date_bracket_width_days | candidate_forecast_origins_1_60d | candidate_coverage_1_60d | candidate_coverage_1_30d | candidate_coverage_31_60d | observed_precursor_coverage_1_60d | observed_nonhigh_chlorophyll_a_precursor_coverage_1_60d | observed_precursor_coverage_31_60d | observed_nonhigh_chlorophyll_a_precursor_coverage_31_60d | boundary_confirmed_by_immediate_prior_nonhigh_chlorophyll_a | event_source_period | tight_boundary_60d | tight_boundary_90d
03_figure_source_data/Figure_S1/geographic_counts.csv,figure_source_data,347,4,population_id | classification_type | classification_value | lake_count
03_figure_source_data/Figure_S10/source_data.csv,figure_source_data,5,18,stratum | endpoint | candidate_lake_n | event_lake_n | event_n | observation_day_min | observation_day_max | multi_horizon_captured | direct_60_day_captured | multi_horizon_coverage_percent | direct_60_day_coverage_percent | difference_pp | net_covered_events | contribution_to_overall_difference_pp | ci_low_pp | ci_high_pp | valid_bootstrap_replicates | analysis_role
03_figure_source_data/Figure_S11/capacity_response.csv,figure_source_data,4,15,scenario_order | selection_fraction | capacity_rule | endpoint | event_denominator | multi_horizon_captured_events | multi_horizon_event_coverage | direct_60_day_captured_events | direct_60_day_event_coverage | coverage_difference_pp | interval_low_pp | interval_high_pp | bootstrap_replicates | bootstrap_seed | evidence_tier
03_figure_source_data/Figure_S11/lake_level_differences.csv,figure_source_data,355,8,lake_id | event_count | multi_horizon_captured_event_count | direct_60_day_captured_event_count | multi_horizon_lake_event_coverage | direct_60_day_lake_event_coverage | lake_specific_coverage_difference_pp | support_status
03_figure_source_data/Figure_S11/weighting_effect.csv,figure_source_data,2,13,weighting_scheme | endpoint | unit_denominator | event_denominator | event_lake_denominator | multi_horizon_captured_events | direct_60_day_captured_events | coverage_difference_pp | interval_low_pp | interval_high_pp | bootstrap_replicates | bootstrap_seed | evidence_tier
03_figure_source_data/Figure_S2/annual_source_support.csv,figure_source_data,42,4,source | year | lake_days | lakes
03_figure_source_data/Figure_S2/event_evaluability.csv,figure_source_data,696,5,event_id | prior_observation_count_1_60d | candidate_forecast_origins_1_60d | candidate_coverage_31_60d | candidate_coverage_1_60d
03_figure_source_data/Figure_S3/bootstrap_draws.csv,figure_source_data,5000,19,bootstrap_draw | total_event_copies | selected_candidate_copies | captured_1_60__forecast_early_30_day_reference | captured_31_60__forecast_early_30_day_reference | captured_1_60__direct_60_day_backbone | captured_31_60__direct_60_day_backbone | captured_1_60__direct_60_day_environment | captured_31_60__direct_60_day_environment | captured_1_60__direct_60_day | captured_31_60__direct_60_day | captured_1_60__multi_horizon | captured_31_60__multi_horizon | captured_1_60__risk_days_31_60 | captured_31_60__risk_days_31_60 | captured_1_60__risk_days_15_30 | captured_31_60__risk_days_15_30 | captured_1_60__lifecycle_stage_score | captured_31_60__lifecycle_stage_score
03_figure_source_data/Figure_S3/model_comparisons.csv,figure_source_data,32,13,candidate_policy | baseline_policy | metric | estimate | ci_low | ci_high | bootstrap_one_sided_p | bootstrap_two_sided_p | bootstrap_reps | bootstrap_seed | prioritized_list_rebuilt_each_replicate | event_capture_uses_lake_multiplicity | equal_capacity_all_replicates
03_figure_source_data/Figure_S3/row_metrics.csv,figure_source_data,25,12,group | policy | rows | positive_rows | prevalence | auprc | auroc | brier | log_loss | mean_probability | calibration_intercept | calibration_slope
03_figure_source_data/Figure_S3/year_fold_event_coverage.csv,figure_source_data,72,6,group_type | group | policy | evaluable_events | captured_1_60 | captured_31_60
03_figure_source_data/Figure_S3/year_fold_results.csv,figure_source_data,72,6,group_type | group | policy | evaluable_events | captured_1_60 | captured_31_60
03_figure_source_data/Figure_S4/forecast_origin_audit.csv,figure_source_data,260,7,forecast_origin_date | policy | eligible_candidates | capacity | selected | frozen_prioritized_list_exact | prioritized_list_rebuilt_for_scenario
03_figure_source_data/Figure_S4/forecast_origin_overlap.csv,figure_source_data,130,6,forecast_origin_date | q_only | d_only | both | cap | overlap
03_figure_source_data/Figure_S5/sensitivity_results.csv,figure_source_data,42,18,scenario | endpoint | lead_min_days | lead_max_days | candidate_policy | baseline_policy | all_events_denominator | candidate_captured | baseline_captured | candidate_capture_rate | baseline_capture_rate | point_difference | percentile_ci_low | percentile_ci_high | ci_level | bootstrap_replicates | eligible_for_confirmatory_test | scenario_order
03_figure_source_data/Figure_S6/bootstrap_draws.csv,figure_source_data,5000,8,bootstrap_draw | total_event_copies | captured__primary_31_60__multi_horizon | captured__primary_31_60__direct_60_day | capture_rate_difference__primary_31_60 | captured__secondary_1_60__multi_horizon | captured__secondary_1_60__direct_60_day | capture_rate_difference__secondary_1_60
03_figure_source_data/Figure_S6/endpoint_summary.csv,figure_source_data,2,16,endpoint | lead_min_days | lead_max_days | candidate_policy | baseline_policy | all_events_denominator | candidate_captured | baseline_captured | candidate_capture_rate | baseline_capture_rate | point_difference | percentile_ci_low | percentile_ci_high | ci_level | bootstrap_replicates | eligible_for_confirmatory_test
03_figure_source_data/Figure_S7/event_date_boundaries.csv,figure_source_data,696,6,event_id | event_date_bracket_width_days | previous_high_chlorophyll_a_gap_days | prior_nonhigh_chlorophyll_a_count_1_60d | tight_boundary_60d | tight_boundary_90d
03_figure_source_data/Figure_S7/minimum_event_separation_counts.csv,figure_source_data,4,8,minimum_event_separation_days | temporal_evaluation_events | temporal_evaluation_lakes | events_2021 | events_2022 | events_2023 | events_2024 | events_2025
03_figure_source_data/Figure_S8/bootstrap_draws.csv,figure_source_data,5000,5,bootstrap_draw | total_event_copies | multi_horizon_captured_events | matched_60_day_base_captured_events | event_coverage_difference
03_figure_source_data/Figure_S8/component_identity.csv,figure_source_data,5,17,audit_scope | heldout_lake_fold | rows | multi_horizon_label_equivalence | raw_transformer_hash_identity | raw_model_hash_identity | raw_model_coefficient_max_abs_difference | raw_model_intercept_max_abs_difference | multi_horizon_raw_transformer_joblib_hash | same_feature_raw_transformer_joblib_hash | multi_horizon_raw_model_joblib_hash | same_feature_raw_model_joblib_hash | final_calibrated_projected_multi_horizon_vs_same_feature_raw_score_max_abs_difference | final_calibrated_projected_multi_horizon_vs_same_feature_raw_score_mean_abs_difference | final_calibrated_projected_multi_horizon_vs_same_feature_raw_score_pearson | multi_horizon_score_file_sha256 | same_feature_score_file_sha256
03_figure_source_data/Figure_S8/target_identity.csv,figure_source_data,1,16,endpoint | multi_horizon_output | matched_60_day_base | feature_set_id | target_contrast | all_events_denominator | multi_horizon_captured_events | matched_60_day_base_captured_events | multi_horizon_event_coverage | matched_60_day_base_event_coverage | difference_pp | interval_low_pp | interval_high_pp | bootstrap_replicates | bootstrap_seed | evidence_tier
03_figure_source_data/Figure_S9/source_data.csv,figure_source_data,2578,23,panel | policy | display_name | observation_id | value | ecdf | denominator_n | metric | candidate_lake_n | origin_n | adjacent_pair_n | total_selection_slots | unique_selected_lakes | unique_lake_reach_percent | repeat_selection_median | repeat_selection_lower_quartile | repeat_selection_upper_quartile | repeat_selection_mean | jaccard_mean | jaccard_median | jaccard_lower_quartile | jaccard_upper_quartile | jaccard_turnover_mean
04_analysis_data/development_evaluation/fixed_capacity_efficiency/architecture_screen.csv,research_data,4,15,policy | selected_rows | selected_event_links | captured_events_1_60 | captured_events_31_60 | captured_events_1_30 | captured_event_lakes | unique_events_per_100_event_links | event_links_per_captured_event_mean | event_links_per_captured_event_median | far_links_per_far_event_mean | median_first_warning_lead_days | minimum_year_total_capture | minimum_year_far_capture | decision
04_analysis_data/development_evaluation/fixed_capacity_efficiency/architecture_screen_by_year.csv,research_data,16,4,policy | year | captured_1_60 | captured_31_60
04_analysis_data/development_evaluation/fixed_capacity_efficiency/capture_set_decomposition.csv,research_data,8,8,window | capture_group | events | lakes | year_2017 | year_2018 | year_2019 | year_2020
04_analysis_data/development_evaluation/fixed_capacity_efficiency/captured_event_membership.parquet,research_data,666,17,episode_id | lake_id | event_date | outer_lake_fold | event_year | captured__multi_horizon | lead_days__multi_horizon | far_captured__multi_horizon | captured__direct_60_day | lead_days__direct_60_day | far_captured__direct_60_day | captured__early_30_day_reference | lead_days__early_30_day_reference | far_captured__early_30_day_reference | captured__lifecycle_stage_score | lead_days__lifecycle_stage_score | far_captured__lifecycle_stage_score
04_analysis_data/development_evaluation/fixed_capacity_efficiency/observation_support_by_capture_group.csv,research_data,4,9,capture_group | events | far_supported_fraction | mean__met_lag90_coverage_mean | mean__has_any_wq_lag90 | mean__has_field_chla_lag30 | mean__has_field_chla_lag90 | mean__has_satellite_cyan_lag30 | mean__has_satellite_cyan_lag90
04_analysis_data/development_evaluation/fixed_capacity_efficiency/policy_efficiency.csv,research_data,4,12,policy | selected_rows | selected_event_links | captured_events_1_60 | captured_events_31_60 | captured_events_1_30 | captured_event_lakes | unique_events_per_100_event_links | event_links_per_captured_event_mean | event_links_per_captured_event_median | far_links_per_far_event_mean | median_first_warning_lead_days
04_analysis_data/development_evaluation/fixed_capacity_efficiency/row_probability_metrics.csv,research_data,25,12,group | policy | rows | positive_rows | prevalence | auprc | auroc | brier | log_loss | mean_probability | calibration_intercept | calibration_slope
04_analysis_data/development_evaluation/model_selection/by_year_and_fold.csv,research_data,72,6,group_type | group | policy | evaluable_events | captured_1_60 | captured_31_60
04_analysis_data/development_evaluation/model_selection/candidate_episode_links_1_60.parquet,research_data,2800,6,candidate_row_key | lake_id | origin_date | episode_id | event_date | lead_days
04_analysis_data/development_evaluation/model_selection/captures__basic_60_day_reference.parquet,research_data,305,8,candidate_row_key | lake_id | origin_date | episode_id | event_date | lead_days | policy_id | policy
04_analysis_data/development_evaluation/model_selection/captures__direct_60_day.parquet,research_data,455,8,candidate_row_key | lake_id | origin_date | episode_id | event_date | lead_days | policy_id | policy
04_analysis_data/development_evaluation/model_selection/captures__early_30_day_reference.parquet,research_data,461,8,candidate_row_key | lake_id | origin_date | episode_id | event_date | lead_days | policy_id | policy
04_analysis_data/development_evaluation/model_selection/captures__environment_60_day_reference.parquet,research_data,426,8,candidate_row_key | lake_id | origin_date | episode_id | event_date | lead_days | policy_id | policy
04_analysis_data/development_evaluation/model_selection/captures__lifecycle_stage_score.parquet,research_data,500,8,candidate_row_key | lake_id | origin_date | episode_id | event_date | lead_days | policy_id | policy
04_analysis_data/development_evaluation/model_selection/captures__multi_horizon.parquet,research_data,497,8,candidate_row_key | lake_id | origin_date | episode_id | event_date | lead_days | policy_id | policy
04_analysis_data/development_evaluation/model_selection/captures__risk_days_15_30.parquet,research_data,493,8,candidate_row_key | lake_id | origin_date | episode_id | event_date | lead_days | policy_id | policy
04_analysis_data/development_evaluation/model_selection/captures__risk_days_31_60.parquet,research_data,485,8,candidate_row_key | lake_id | origin_date | episode_id | event_date | lead_days | policy_id | policy
04_analysis_data/development_evaluation/model_selection/event_universe_1_60.parquet,research_data,666,4,episode_id | lake_id | event_date | outer_lake_fold
04_analysis_data/development_evaluation/model_selection/point_metrics.csv,research_data,8,10,policy | evaluable_events_1_60 | captured_1_60 | capture_rate_1_60 | captured_31_60 | capture_rate_31_60 | captured_28_60 | captured_1_30 | median_lead_days | selected_rows
04_analysis_data/development_evaluation/model_selection/strict_bootstrap_comparisons.csv,research_data,32,13,candidate_policy | baseline_policy | metric | estimate | ci_low | ci_high | bootstrap_one_sided_p | bootstrap_two_sided_p | bootstrap_reps | bootstrap_seed | queue_rebuilt_each_replicate | event_capture_uses_lake_multiplicity | equal_capacity_all_replicates
04_analysis_data/development_evaluation/model_selection/strict_bootstrap_draws.parquet,research_data,5000,19,bootstrap_draw | total_event_copies | selected_candidate_copies | captured_1_60__early_30_day_reference | captured_31_60__early_30_day_reference | captured_1_60__basic_60_day_reference | captured_31_60__basic_60_day_reference | captured_1_60__environment_60_day_reference | captured_31_60__environment_60_day_reference | captured_1_60__direct_60_day | captured_31_60__direct_60_day | captured_1_60__multi_horizon | captured_31_60__multi_horizon | captured_1_60__risk_days_31_60 | captured_31_60__risk_days_31_60 | captured_1_60__risk_days_15_30 | captured_31_60__risk_days_15_30 | captured_1_60__lifecycle_stage_score | captured_31_60__lifecycle_stage_score
04_analysis_data/input_data/era5_lake_grid_points.parquet,research_data,20074,8,lake_id | lake_latitude | lake_longitude | lake_area_ha | ecoregion | era5_latitude | era5_longitude | era5_grid_id
04_analysis_data/input_data/meteorology_daily.parquet,research_data,8634338,24,lake_id | date | era5_grid_id | era5_latitude | era5_longitude | air_temp_2m_mean_c | air_temp_2m_min_c | air_temp_2m_max_c | precipitation_mm | wind_u_10m_mean_ms | wind_v_10m_mean_ms | wind_speed_10m_mean_ms | shortwave_radiation_j_m2 | surface_pressure_mean_pa | evaporation_mm | source_dataset | source_status | dewpoint_2m_mean_c | dewpoint_2m_min_c | dewpoint_2m_max_c | dewpoint_source_dataset | dewpoint_source_status | vpd_mean_kpa | vpd_max_kpa
04_analysis_data/input_data/water_quality_clean.parquet,research_data,2361245,26,lake_id | site_id | sample_date | variable | value | value_min | value_max | unit | record_count | unique_sample_id_count | source_count | source_site_count | raw_unit_count | censored_record_count | flagged_record_count | negative_or_below_min_count | above_physical_max_count | extreme_high_check_units_count | missing_value_count | sample_depth_m_median | site_lat_dd | site_lon_dd | qc_flags | aggregation_method | data_level | created_utc
04_analysis_data/input_data/water_quality_raw.parquet,research_data,2361892,35,lake_id | site_id | source_site_id | sample_date | sample_id | event_id | canonical_variable | canonical_label | lagos_parameter_id | lagos_parameter_name | standard_value | standard_unit_inferred | raw_parameter_name | raw_value | raw_unit | censor_code | source_value_qualifier_code | standard_detection_limit_value | source_detection_limit_value | source_detection_limit_unit | source_detection_limit_condition | sample_depth_m | sample_depth_flag | site_lat_dd | site_lon_dd | source_id | source_name | source_activity_org_name | source_activity_id | source_comments | parameter_conversion_factor | parameter_detection_limit_conversion_factor | package_id | package_doi | data_level
04_analysis_data/input_data/weekly_risk_set.parquet,research_data,557913,141,lake_id | period_start | period_end | source_program_summary | lake_centroidstate | ecoregion | seasonal_phase | state_threshold_scheme | observed_chla | observed_chla_n | period_chla_median | period_chla_max | observed_site_count | observation_indicator | lake_latitude | lake_longitude | lake_area_ha | lake_maxdepth_m | landuse_agriculture_pct | month | days_since_last_chla | previous_observed_chla | previous_high_state | monitoring_gap_days | time_since_last_high | recent_high_count_90d | rolling_chla_mean_30 | rolling_chla_slope_30 | rolling_chla_volatility_30 | rolling_chla_mean_60 | rolling_chla_slope_60 | rolling_chla_volatility_60 | rolling_chla_mean_90 | rolling_chla_slope_90 | rolling_chla_volatility_90 | origin_date | hab_weekly_split | origin_week | origin_month | origin_dayofyear | origin_dayofyear_sin | origin_dayofyear_cos | hab_source_coverage_start | hab_source_coverage_end | hab_event_day_count | hab_endpoint_family_count | hab_source_ids | has_public_hab_coverage | public_hab_coverage_h14 | public_public_bloom_report_h14 | days_to_first_public_public_bloom_report_h14 | public_confirmed_hab_event_h14 | days_to_first_public_confirmed_hab_event_h14 | public_cyanobacteria_observation_h14 | days_to_first_public_cyanobacteria_observation_h14 | public_toxin_sample_h14 | days_to_first_public_toxin_sample_h14 | public_toxin_exceedance_h14 | days_to_first_public_toxin_exceedance_h14 | public_advisory_issued_h14 | days_to_first_public_advisory_issued_h14 | public_advisory_lifted_h14 | days_to_first_public_advisory_lifted_h14 | public_monitoring_action_h14 | days_to_first_public_monitoring_action_h14 | public_management_action_h14 | days_to_first_public_management_action_h14 | public_hab_report_or_advisory_h14 | days_to_first_public_hab_report_or_advisory_h14 | public_hab_report_advisory_or_monitoring_action_h14 | days_to_first_public_hab_report_advisory_or_monitoring_action_h14 | public_hab_coverage_h30 | public_public_bloom_report_h30 | days_to_first_public_public_bloom_report_h30 | public_confirmed_hab_event_h30 | days_to_first_public_confirmed_hab_event_h30 | public_cyanobacteria_observation_h30 | days_to_first_public_cyanobacteria_observation_h30 | public_toxin_sample_h30 | days_to_first_public_toxin_sample_h30 | public_toxin_exceedance_h30 | days_to_first_public_toxin_exceedance_h30 | public_advisory_issued_h30 | days_to_first_public_advisory_issued_h30 | public_advisory_lifted_h30 | days_to_first_public_advisory_lifted_h30 | public_monitoring_action_h30 | days_to_first_public_monitoring_action_h30 | public_management_action_h30 | days_to_first_public_management_action_h30 | public_hab_report_or_advisory_h30 | days_to_first_public_hab_report_or_advisory_h30 | public_hab_report_advisory_or_monitoring_action_h30 | days_to_first_public_hab_report_advisory_or_monitoring_action_h30 | public_hab_coverage_h60 | public_public_bloom_report_h60 | days_to_first_public_public_bloom_report_h60 | public_confirmed_hab_event_h60 | days_to_first_public_confirmed_hab_event_h60 | public_cyanobacteria_observation_h60 | days_to_first_public_cyanobacteria_observation_h60 | public_toxin_sample_h60 | days_to_first_public_toxin_sample_h60 | public_toxin_exceedance_h60 | days_to_first_public_toxin_exceedance_h60 | public_advisory_issued_h60 | days_to_first_public_advisory_issued_h60 | public_advisory_lifted_h60 | days_to_first_public_advisory_lifted_h60 | public_monitoring_action_h60 | days_to_first_public_monitoring_action_h60 | public_management_action_h60 | days_to_first_public_management_action_h60 | public_hab_report_or_advisory_h60 | days_to_first_public_hab_report_or_advisory_h60 | public_hab_report_advisory_or_monitoring_action_h60 | days_to_first_public_hab_report_advisory_or_monitoring_action_h60 | chla_train_p90_threshold | chla_ge25_h14 | days_to_first_chla_ge25_h14 | future_chla_observation_count_h14 | chla_ge75_h14 | days_to_first_chla_ge75_h14 | chla_peak_p90_h14 | days_to_first_chla_peak_p90_h14 | chla_ge25_h30 | days_to_first_chla_ge25_h30 | future_chla_observation_count_h30 | chla_ge75_h30 | days_to_first_chla_ge75_h30 | chla_peak_p90_h30 | days_to_first_chla_peak_p90_h30 | chla_ge25_h60 | days_to_first_chla_ge25_h60 | future_chla_observation_count_h60 | chla_ge75_h60 | days_to_first_chla_ge75_h60 | chla_peak_p90_h60 | days_to_first_chla_peak_p90_h60 | run_id_hab_weekly | created_utc_hab_weekly
04_analysis_data/model_training_inputs/development_event_ledger/candidate_stage_summary.csv,research_data,350,10,origin_year | outer_lake_fold | ordered_stage_label | stage_label_observed | candidate_rows | lakes | eligible_rows | rolling_evaluation_rows | event_30_day_observed_rows | event_30_day_positive_rows
04_analysis_data/model_training_inputs/development_event_ledger/development_candidate_stage_ledger.parquet,research_data,557913,36,lake_id | origin_date | hab_weekly_split | candidate_row_key | outer_lake_fold | origin_year | rolling_target_year | full_stage_window_within_development_cutoff | last_known_severe_sample_date | last_known_severe_available_date | days_since_last_known_severe_sample | days_since_last_biological_severe_sample | future_chla_observation_days_1_14 | future_chla_observation_days_15_30 | future_chla_observation_days_31_60 | future_chla_observation_days_61_90 | future_chla_observation_days_1_30 | future_chla_observation_days_1_60 | future_chla_observed_all_stage_intervals | next_incident_onset_date_including_origin | days_to_next_incident_onset_including_origin | next_future_incident_onset_date | days_to_next_future_incident_onset | known_recent_severe_exclusion | retrospective_recent_biological_severe | unavailable_active_episode_boundary | eligible_common_development_candidate | eligible_rolling_evaluation_candidate | stage_label_observed | ordered_stage_label | ordered_stage_numeric | stage_label_reason | incident_onset_event_30_day_observed | incident_onset_event_30_day_reason | antecedent_61_90d_diagnostic | same_day_incident_onset
04_analysis_data/model_training_inputs/development_event_ledger/development_chla_observation_ledger.parquet,research_data,333957,13,lake_id | sample_date | variable | value_median | value_max_sensitivity | site_count | site_with_valid_value_count | numeric_aggregate_eligible_count | record_quality_fraction | canonical_unit | primary_severe | max_sensitivity_severe | assumed_result_available_date
04_analysis_data/model_training_inputs/development_event_ledger/episode_summary.csv,research_data,368,6,aggregation | washout_days | event_year | severe_incident_episodes | lakes | evaluable_episodes
04_analysis_data/model_training_inputs/development_event_ledger/primary_episode_candidate_links.parquet,research_data,1924,8,candidate_row_key | episode_id | lake_id | origin_date | event_date | lead_days | early_at_least_28d | outer_lake_fold
04_analysis_data/model_training_inputs/development_event_ledger/primary_incident_episode_ledger.parquet,research_data,10560,15,episode_id | lake_id | event_date | aggregation | threshold_ug_l | washout_days | severe_value_ug_l | site_count | record_quality_fraction | previous_severe_gap_days | eligible_preonset_candidate_count | eligible_early_candidate_count | first_eligible_origin_date | last_eligible_origin_date | evaluable_in_rolling_2016_2020
04_analysis_data/model_training_inputs/development_event_ledger/primary_severe_observation_ledger.parquet,research_data,21227,13,lake_id | sample_date | variable | value_median | value_max_sensitivity | site_count | site_with_valid_value_count | numeric_aggregate_eligible_count | record_quality_fraction | canonical_unit | primary_severe | max_sensitivity_severe | assumed_result_available_date
04_analysis_data/model_training_inputs/development_event_ledger/sensitivity_episode_ledger.parquet,research_data,89838,10,episode_id | lake_id | event_date | aggregation | threshold_ug_l | washout_days | severe_value_ug_l | site_count | record_quality_fraction | previous_severe_gap_days
04_analysis_data/model_training_inputs/direct_60_day_protocol/event_support_audit.csv,research_data,866,15,episode_id | lake_id | event_date | antecedent_61_90d_observed | antecedent_61_90d_candidate_rows | stage_1_31_60d_observed | stage_1_31_60d_candidate_rows | stage_2_15_30d_observed | stage_2_15_30d_candidate_rows | stage_3_0_14d_observed | stage_3_0_14d_candidate_rows | all_four_intervals | environment_antecedent_stage1 | biomass_stage1_stage3 | crossover_stage1_stage3
04_analysis_data/model_training_inputs/direct_60_day_protocol/log1p_domain_audit.csv,research_data,16,7,source_feature_name | source_path | finite_nonmissing_rows | minimum_finite_value | negative_rows | nonfinite_rows | status
04_analysis_data/model_training_inputs/direct_60_day_protocol/product_schema_audit.csv,research_data,4,7,product | path | rows | schema_columns | normalized_key_sha256 | frozen_key_sha256 | key_status
04_analysis_data/model_training_inputs/direct_60_day_protocol/recency_sentinel_audit.csv,research_data,11,12,source_feature_name | rows | sentinel_minus_one_rows | observed_age_rows | invalid_null_rows | invalid_below_sentinel_rows | invalid_fractional_age_rows | sentinel_with_latest_value_rows | nonnegative_age_without_latest_value_rows | status | source_path | latest_value_column
04_analysis_data/model_training_inputs/direct_60_day_protocol/rolling_split_feasibility.csv,research_data,25,13,target_year | heldout_outer_lake_fold | label_maturity_cutoff_exclusive | training_rows | training_lakes | training_event_60_day_negative | training_event_60_day_positive | evaluation_candidate_rows | evaluation_candidate_lakes | evaluation_observed_target_rows | evaluation_event_60_day_negative | evaluation_event_60_day_positive | both_classes_feasible
04_analysis_data/model_training_inputs/direct_60_day_protocol/selected_feature_contract.csv,research_data,71,14,feature_ordinal | feature_group | source_feature_name | evidence_stream | source_product | freeze_decision | availability_contract | missing_policy | actual_product | log1p_registered | recency_sentinel_registered | quality_closure_registered | model_entry_name | prohibited_pattern_status
04_analysis_data/model_training_inputs/direct_60_day_training/dropped_numeric_features.csv,research_data,0,0,
04_analysis_data/model_training_inputs/direct_60_day_training/heldout_predictions.parquet,research_data,208168,22,candidate_row_key | lake_id | origin_date | target_year | outer_lake_fold | stage_label_observed | ordered_stage_numeric | ordered_stage_label | next_incident_episode_id | next_incident_onset_date | next_incident_onset_lead_days | antecedent_61_90d_diagnostic | same_day_incident_onset | event_60_day_observed | p0 | p_env | p_bio | ll0 | ll_env | ll_bio | g_env | g_bio
04_analysis_data/model_training_inputs/direct_60_day_training/model_coefficients.parquet,research_data,5360,5,target_year | outer_lake_fold | probe | transformed_feature | coefficient
04_analysis_data/model_training_inputs/feature_contract/coverage_matrix.csv,research_data,69,8,source | split | window_days | coverage_definition | numerator_rows | denominator_rows | fraction | status
04_analysis_data/model_training_inputs/feature_contract/g0_gate_checks.csv,research_data,10,4,gate_id | status | evidence | decision
04_analysis_data/model_training_inputs/feature_contract/model_safe_feature_allowlist.csv,research_data,753,12,feature_name | evidence_stream | source_product | source_variable | canonical_unit | window_days | statistic | availability_contract | missing_policy | fold_fit_required | freeze_decision | decision_reason
04_analysis_data/model_training_inputs/feature_contract/unified_feature_dictionary.csv,research_data,843,12,feature_name | evidence_stream | source_product | source_variable | canonical_unit | window_days | statistic | availability_contract | missing_policy | fold_fit_required | freeze_decision | decision_reason
04_analysis_data/primary_external_evaluation/candidate_features/external_candidate_ledger.parquet,research_data,369720,22,lake_id | lake_centroidstate | ecoregion | lake_latitude | lake_longitude | lake_area_ha | lake_maxdepth_m | landuse_agriculture_pct | origin_date | candidate_row_key | outer_lake_fold | origin_year | origin_dayofyear | origin_dayofyear_sin | origin_dayofyear_cos | hab_weekly_split | external_monitoring_lake_domain | last_known_severe_sample_date | last_known_severe_available_date | days_since_last_known_severe_sample | known_recent_severe_exclusion | eligible_external_candidate
04_analysis_data/primary_external_evaluation/candidate_features/external_field_chla_features.parquet,research_data,369720,108,lake_id | origin_date | hab_weekly_split | field_chla_lag7_observation_record_days | field_chla_lag7_source_record_days | field_chla_lag7_unavailable_record_days | field_chla_lag7_valid_value_days | field_chla_lag7_valid_day_fraction | field_chla_lag7_mean | field_chla_lag7_max | field_chla_lag7_p90 | field_chla_lag7_variability | field_chla_lag7_slope_per_day | field_chla_lag7_positive_days | field_chla_lag7_positive_fraction_among_valid | field_chla_lag7_quality_mean | field_chla_lag7_latest_value | field_chla_lag7_latest_availability_date | field_chla_lag7_latest_observation_date | field_chla_lag7_days_since_latest_availability | field_chla_lag7_days_since_latest_observation | field_chla_lag7_missing_reason_code | field_chla_lag7_censored_fraction_mean | field_chla_lag7_site_count_mean | field_chla_lag14_observation_record_days | field_chla_lag14_source_record_days | field_chla_lag14_unavailable_record_days | field_chla_lag14_valid_value_days | field_chla_lag14_valid_day_fraction | field_chla_lag14_mean | field_chla_lag14_max | field_chla_lag14_p90 | field_chla_lag14_variability | field_chla_lag14_slope_per_day | field_chla_lag14_positive_days | field_chla_lag14_positive_fraction_among_valid | field_chla_lag14_quality_mean | field_chla_lag14_latest_value | field_chla_lag14_latest_availability_date | field_chla_lag14_latest_observation_date | field_chla_lag14_days_since_latest_availability | field_chla_lag14_days_since_latest_observation | field_chla_lag14_missing_reason_code | field_chla_lag14_censored_fraction_mean | field_chla_lag14_site_count_mean | field_chla_lag30_observation_record_days | field_chla_lag30_source_record_days | field_chla_lag30_unavailable_record_days | field_chla_lag30_valid_value_days | field_chla_lag30_valid_day_fraction | field_chla_lag30_mean | field_chla_lag30_max | field_chla_lag30_p90 | field_chla_lag30_variability | field_chla_lag30_slope_per_day | field_chla_lag30_positive_days | field_chla_lag30_positive_fraction_among_valid | field_chla_lag30_quality_mean | field_chla_lag30_latest_value | field_chla_lag30_latest_availability_date | field_chla_lag30_latest_observation_date | field_chla_lag30_days_since_latest_availability | field_chla_lag30_days_since_latest_observation | field_chla_lag30_missing_reason_code | field_chla_lag30_censored_fraction_mean | field_chla_lag30_site_count_mean | field_chla_lag60_observation_record_days | field_chla_lag60_source_record_days | field_chla_lag60_unavailable_record_days | field_chla_lag60_valid_value_days | field_chla_lag60_valid_day_fraction | field_chla_lag60_mean | field_chla_lag60_max | field_chla_lag60_p90 | field_chla_lag60_variability | field_chla_lag60_slope_per_day | field_chla_lag60_positive_days | field_chla_lag60_positive_fraction_among_valid | field_chla_lag60_quality_mean | field_chla_lag60_latest_value | field_chla_lag60_latest_availability_date | field_chla_lag60_latest_observation_date | field_chla_lag60_days_since_latest_availability | field_chla_lag60_days_since_latest_observation | field_chla_lag60_missing_reason_code | field_chla_lag60_censored_fraction_mean | field_chla_lag60_site_count_mean | field_chla_lag90_observation_record_days | field_chla_lag90_source_record_days | field_chla_lag90_unavailable_record_days | field_chla_lag90_valid_value_days | field_chla_lag90_valid_day_fraction | field_chla_lag90_mean | field_chla_lag90_max | field_chla_lag90_p90 | field_chla_lag90_variability | field_chla_lag90_slope_per_day | field_chla_lag90_positive_days | field_chla_lag90_positive_fraction_among_valid | field_chla_lag90_quality_mean | field_chla_lag90_latest_value | field_chla_lag90_latest_availability_date | field_chla_lag90_latest_observation_date | field_chla_lag90_days_since_latest_availability | field_chla_lag90_days_since_latest_observation | field_chla_lag90_missing_reason_code | field_chla_lag90_censored_fraction_mean | field_chla_lag90_site_count_mean
04_analysis_data/primary_external_evaluation/candidate_features/external_predictor_chla_history.parquet,research_data,271938,8,lake_id | sample_date | value_median | record_quality_fraction | censored_fraction_among_numeric_valid | site_count | history_source | field_available_date
04_analysis_data/primary_external_evaluation/direct_60_day_scores/external_direct_60_day_feature_coverage.csv,research_data,4,5,feature_group | source_columns | rows_any_nonmissing | rows_all_missing | cell_nonmissing_fraction
04_analysis_data/primary_external_evaluation/direct_60_day_scores/external_direct_60_day_outcome_blind_scores.parquet,research_data,369720,19,candidate_row_key | lake_id | origin_date | outer_lake_fold | origin_year | hab_weekly_split | eligible_external_candidate | basic_60_day_reference | environment_60_day_reference | direct_60_day | queue_rank__basic_60_day_reference | queue_selected__basic_60_day_reference | queue_capacity__basic_60_day_reference | queue_rank__environment_60_day_reference | queue_selected__environment_60_day_reference | queue_capacity__environment_60_day_reference | queue_rank__direct_60_day | queue_selected__direct_60_day | queue_capacity__direct_60_day
04_analysis_data/primary_external_evaluation/direct_60_day_scores/frozen_external_direct_60_day_queues.parquet,research_data,109893,10,policy | candidate_row_key | lake_id | origin_date | outer_lake_fold | policy_score | queue_rank | capacity | eligible_candidates | selected_key_sha256
04_analysis_data/primary_external_evaluation/direct_60_day_support_features/external_direct_60_day_support_features.parquet,research_data,369720,33,candidate_row_key | lake_id | origin_date | outer_lake_fold | eligible_external_candidate | met_lag90_coverage_fraction | wq_tn_lag90_valid_day_fraction | wq_tn_lag90_days_since_latest_observation | wq_tn_lag90_quality_mean | wq_tp_lag90_valid_day_fraction | wq_tp_lag90_days_since_latest_observation | wq_tp_lag90_quality_mean | wq_do_lag90_valid_day_fraction | wq_do_lag90_days_since_latest_observation | wq_do_lag90_quality_mean | wq_ph_lag90_valid_day_fraction | wq_ph_lag90_days_since_latest_observation | wq_ph_lag90_quality_mean | wq_conductivity_lag90_valid_day_fraction | wq_conductivity_lag90_days_since_latest_observation | wq_conductivity_lag90_quality_mean | wq_turbidity_lag90_valid_day_fraction | wq_turbidity_lag90_days_since_latest_observation | wq_turbidity_lag90_quality_mean | wq_secchi_depth_lag90_valid_day_fraction | wq_secchi_depth_lag90_days_since_latest_observation | wq_secchi_depth_lag90_quality_mean | satellite_cyan_lag30_valid_day_fraction | satellite_cyan_lag30_days_since_latest_observation | satellite_cyan_lag30_quality_mean | satellite_cyan_lag90_valid_day_fraction | satellite_cyan_lag90_days_since_latest_observation | satellite_cyan_lag90_quality_mean
04_analysis_data/primary_external_evaluation/direct_60_day_support_features/wq_direct_support_coverage.csv,research_data,7,4,variable | history_lakes | candidate_lakes_processed | rows_with_valid_90d_value
04_analysis_data/primary_external_evaluation/evaluation/bootstrap_draws.parquet,research_data,5000,148,bootstrap_draw | total_event_copies | captured__primary_31_60__multi_horizon | captured__primary_31_60__direct_60_day | capture_rate_difference__primary_31_60 | captured__secondary_1_60__multi_horizon | captured__secondary_1_60__direct_60_day | capture_rate_difference__secondary_1_60 | sensitivity__strict_centroid250_w60__total_event_copies | sensitivity__strict_centroid250_w60__captured__primary_31_60__multi_horizon | sensitivity__strict_centroid250_w60__captured__primary_31_60__direct_60_day | sensitivity__strict_centroid250_w60__capture_rate_difference__primary_31_60 | sensitivity__strict_centroid250_w60__captured__secondary_1_60__multi_horizon | sensitivity__strict_centroid250_w60__captured__secondary_1_60__direct_60_day | sensitivity__strict_centroid250_w60__capture_rate_difference__secondary_1_60 | sensitivity__tight_onset60_auto_w60__total_event_copies | sensitivity__tight_onset60_auto_w60__captured__primary_31_60__multi_horizon | sensitivity__tight_onset60_auto_w60__captured__primary_31_60__direct_60_day | sensitivity__tight_onset60_auto_w60__capture_rate_difference__primary_31_60 | sensitivity__tight_onset60_auto_w60__captured__secondary_1_60__multi_horizon | sensitivity__tight_onset60_auto_w60__captured__secondary_1_60__direct_60_day | sensitivity__tight_onset60_auto_w60__capture_rate_difference__secondary_1_60 | sensitivity__washout30_auto__total_event_copies | sensitivity__washout30_auto__captured__primary_31_60__multi_horizon | sensitivity__washout30_auto__captured__primary_31_60__direct_60_day | sensitivity__washout30_auto__capture_rate_difference__primary_31_60 | sensitivity__washout30_auto__captured__secondary_1_60__multi_horizon | sensitivity__washout30_auto__captured__secondary_1_60__direct_60_day | sensitivity__washout30_auto__capture_rate_difference__secondary_1_60 | sensitivity__washout45_auto__total_event_copies | sensitivity__washout45_auto__captured__primary_31_60__multi_horizon | sensitivity__washout45_auto__captured__primary_31_60__direct_60_day | sensitivity__washout45_auto__capture_rate_difference__primary_31_60 | sensitivity__washout45_auto__captured__secondary_1_60__multi_horizon | sensitivity__washout45_auto__captured__secondary_1_60__direct_60_day | sensitivity__washout45_auto__capture_rate_difference__secondary_1_60 | sensitivity__washout90_auto__total_event_copies | sensitivity__washout90_auto__captured__primary_31_60__multi_horizon | sensitivity__washout90_auto__captured__primary_31_60__direct_60_day | sensitivity__washout90_auto__capture_rate_difference__primary_31_60 | sensitivity__washout90_auto__captured__secondary_1_60__multi_horizon | sensitivity__washout90_auto__captured__secondary_1_60__direct_60_day | sensitivity__washout90_auto__capture_rate_difference__secondary_1_60 | sensitivity__leave_one_state_out__CO__total_event_copies | sensitivity__leave_one_state_out__CO__captured__primary_31_60__multi_horizon | sensitivity__leave_one_state_out__CO__captured__primary_31_60__direct_60_day | sensitivity__leave_one_state_out__CO__capture_rate_difference__primary_31_60 | sensitivity__leave_one_state_out__CO__captured__secondary_1_60__multi_horizon | sensitivity__leave_one_state_out__CO__captured__secondary_1_60__direct_60_day | sensitivity__leave_one_state_out__CO__capture_rate_difference__secondary_1_60 | sensitivity__leave_one_state_out__DE__total_event_copies | sensitivity__leave_one_state_out__DE__captured__primary_31_60__multi_horizon | sensitivity__leave_one_state_out__DE__captured__primary_31_60__direct_60_day | sensitivity__leave_one_state_out__DE__capture_rate_difference__primary_31_60 | sensitivity__leave_one_state_out__DE__captured__secondary_1_60__multi_horizon | sensitivity__leave_one_state_out__DE__captured__secondary_1_60__direct_60_day | sensitivity__leave_one_state_out__DE__capture_rate_difference__secondary_1_60 | sensitivity__leave_one_state_out__FL__total_event_copies | sensitivity__leave_one_state_out__FL__captured__primary_31_60__multi_horizon | sensitivity__leave_one_state_out__FL__captured__primary_31_60__direct_60_day | sensitivity__leave_one_state_out__FL__capture_rate_difference__primary_31_60 | sensitivity__leave_one_state_out__FL__captured__secondary_1_60__multi_horizon | sensitivity__leave_one_state_out__FL__captured__secondary_1_60__direct_60_day | sensitivity__leave_one_state_out__FL__capture_rate_difference__secondary_1_60 | sensitivity__leave_one_state_out__IA__total_event_copies | sensitivity__leave_one_state_out__IA__captured__primary_31_60__multi_horizon | sensitivity__leave_one_state_out__IA__captured__primary_31_60__direct_60_day | sensitivity__leave_one_state_out__IA__capture_rate_difference__primary_31_60 | sensitivity__leave_one_state_out__IA__captured__secondary_1_60__multi_horizon | sensitivity__leave_one_state_out__IA__captured__secondary_1_60__direct_60_day | sensitivity__leave_one_state_out__IA__capture_rate_difference__secondary_1_60 | sensitivity__leave_one_state_out__IL__total_event_copies | sensitivity__leave_one_state_out__IL__captured__primary_31_60__multi_horizon | sensitivity__leave_one_state_out__IL__captured__primary_31_60__direct_60_day | sensitivity__leave_one_state_out__IL__capture_rate_difference__primary_31_60 | sensitivity__leave_one_state_out__IL__captured__secondary_1_60__multi_horizon | sensitivity__leave_one_state_out__IL__captured__secondary_1_60__direct_60_day | sensitivity__leave_one_state_out__IL__capture_rate_difference__secondary_1_60 | sensitivity__leave_one_state_out__KS__total_event_copies | sensitivity__leave_one_state_out__KS__captured__primary_31_60__multi_horizon | sensitivity__leave_one_state_out__KS__captured__primary_31_60__direct_60_day | sensitivity__leave_one_state_out__KS__capture_rate_difference__primary_31_60 | sensitivity__leave_one_state_out__KS__captured__secondary_1_60__multi_horizon | sensitivity__leave_one_state_out__KS__captured__secondary_1_60__direct_60_day | sensitivity__leave_one_state_out__KS__capture_rate_difference__secondary_1_60 | sensitivity__leave_one_state_out__MN__total_event_copies | sensitivity__leave_one_state_out__MN__captured__primary_31_60__multi_horizon | sensitivity__leave_one_state_out__MN__captured__primary_31_60__direct_60_day | sensitivity__leave_one_state_out__MN__capture_rate_difference__primary_31_60 | sensitivity__leave_one_state_out__MN__captured__secondary_1_60__multi_horizon | sensitivity__leave_one_state_out__MN__captured__secondary_1_60__direct_60_day | sensitivity__leave_one_state_out__MN__capture_rate_difference__secondary_1_60 | sensitivity__leave_one_state_out__MO__total_event_copies | sensitivity__leave_one_state_out__MO__captured__primary_31_60__multi_horizon | sensitivity__leave_one_state_out__MO__captured__primary_31_60__direct_60_day | sensitivity__leave_one_state_out__MO__capture_rate_difference__primary_31_60 | sensitivity__leave_one_state_out__MO__captured__secondary_1_60__multi_horizon | sensitivity__leave_one_state_out__MO__captured__secondary_1_60__direct_60_day | sensitivity__leave_one_state_out__MO__capture_rate_difference__secondary_1_60 | sensitivity__leave_one_state_out__NC__total_event_copies | sensitivity__leave_one_state_out__NC__captured__primary_31_60__multi_horizon | sensitivity__leave_one_state_out__NC__captured__primary_31_60__direct_60_day | sensitivity__leave_one_state_out__NC__capture_rate_difference__primary_31_60 | sensitivity__leave_one_state_out__NC__captured__secondary_1_60__multi_horizon | sensitivity__leave_one_state_out__NC__captured__secondary_1_60__direct_60_day | sensitivity__leave_one_state_out__NC__capture_rate_difference__secondary_1_60 | sensitivity__leave_one_state_out__ND__total_event_copies | sensitivity__leave_one_state_out__ND__captured__primary_31_60__multi_horizon | sensitivity__leave_one_state_out__ND__captured__primary_31_60__direct_60_day | sensitivity__leave_one_state_out__ND__capture_rate_difference__primary_31_60 | sensitivity__leave_one_state_out__ND__captured__secondary_1_60__multi_horizon | sensitivity__leave_one_state_out__ND__captured__secondary_1_60__direct_60_day | sensitivity__leave_one_state_out__ND__capture_rate_difference__secondary_1_60 | sensitivity__leave_one_state_out__NE__total_event_copies | sensitivity__leave_one_state_out__NE__captured__primary_31_60__multi_horizon | sensitivity__leave_one_state_out__NE__captured__primary_31_60__direct_60_day | sensitivity__leave_one_state_out__NE__capture_rate_difference__primary_31_60 | sensitivity__leave_one_state_out__NE__captured__secondary_1_60__multi_horizon | sensitivity__leave_one_state_out__NE__captured__secondary_1_60__direct_60_day | sensitivity__leave_one_state_out__NE__capture_rate_difference__secondary_1_60 | sensitivity__leave_one_state_out__VA__total_event_copies | sensitivity__leave_one_state_out__VA__captured__primary_31_60__multi_horizon | sensitivity__leave_one_state_out__VA__captured__primary_31_60__direct_60_day | sensitivity__leave_one_state_out__VA__capture_rate_difference__primary_31_60 | sensitivity__leave_one_state_out__VA__captured__secondary_1_60__multi_horizon | sensitivity__leave_one_state_out__VA__captured__secondary_1_60__direct_60_day | sensitivity__leave_one_state_out__VA__capture_rate_difference__secondary_1_60 | sensitivity__leave_one_state_out__VT__total_event_copies | sensitivity__leave_one_state_out__VT__captured__primary_31_60__multi_horizon | sensitivity__leave_one_state_out__VT__captured__primary_31_60__direct_60_day | sensitivity__leave_one_state_out__VT__capture_rate_difference__primary_31_60 | sensitivity__leave_one_state_out__VT__captured__secondary_1_60__multi_horizon | sensitivity__leave_one_state_out__VT__captured__secondary_1_60__direct_60_day | sensitivity__leave_one_state_out__VT__capture_rate_difference__secondary_1_60 | sensitivity__exclude2025_auto_w60__total_event_copies | sensitivity__exclude2025_auto_w60__captured__primary_31_60__multi_horizon | sensitivity__exclude2025_auto_w60__captured__primary_31_60__direct_60_day | sensitivity__exclude2025_auto_w60__capture_rate_difference__primary_31_60 | sensitivity__exclude2025_auto_w60__captured__secondary_1_60__multi_horizon | sensitivity__exclude2025_auto_w60__captured__secondary_1_60__direct_60_day | sensitivity__exclude2025_auto_w60__capture_rate_difference__secondary_1_60 | sensitivity__monitored_lakes_auto_w60__total_event_copies | sensitivity__monitored_lakes_auto_w60__captured__primary_31_60__multi_horizon | sensitivity__monitored_lakes_auto_w60__captured__primary_31_60__direct_60_day | sensitivity__monitored_lakes_auto_w60__capture_rate_difference__primary_31_60 | sensitivity__monitored_lakes_auto_w60__captured__secondary_1_60__multi_horizon | sensitivity__monitored_lakes_auto_w60__captured__secondary_1_60__direct_60_day | sensitivity__monitored_lakes_auto_w60__capture_rate_difference__secondary_1_60
04_analysis_data/primary_external_evaluation/evaluation/endpoint_summary.csv,research_data,2,16,endpoint | lead_min_days | lead_max_days | candidate_policy | baseline_policy | all_events_denominator | candidate_captured | baseline_captured | candidate_capture_rate | baseline_capture_rate | point_difference | percentile_ci_low | percentile_ci_high | ci_level | bootstrap_replicates | eligible_for_confirmatory_test
04_analysis_data/primary_external_evaluation/evaluation/point_estimates.csv,research_data,4,6,endpoint | policy | all_events_denominator | captured_events | capture_rate | selected_candidate_slots
04_analysis_data/primary_external_evaluation/evaluation/unit_queue_audit.csv,research_data,260,7,origin_date | policy | eligible_candidates | capacity | selected | frozen_queue_exact | queue_rebuilt_for_scenario
04_analysis_data/primary_external_evaluation/event_outcomes/combined_lake_day_2005_2025.parquet,research_data,81720,11,lake_id | date | state | ecoregion | chla_ug_l | site_count | site_day_count | raw_record_count | censored_fraction | severe | source_period
04_analysis_data/primary_external_evaluation/event_outcomes/external_incident_events.csv,research_data,696,30,lake_id | event_date | event_chla_ug_l | previous_severe_gap_days | washout_days | episode_id | year | state | ecoregion | prior_observation_count_all_history | prior_observation_count_1_60d | prior_nonsevere_count_1_60d | prior_observation_count_31_60d | prior_nonsevere_count_31_60d | previous_observation_date | previous_observation_chla_ug_l | previous_observation_nonsevere | onset_bracket_width_days | candidate_origins_1_60d | candidate_coverage_1_60d | candidate_coverage_1_30d | candidate_coverage_31_60d | observed_precursor_coverage_1_60d | observed_nonsevere_precursor_coverage_1_60d | observed_precursor_coverage_31_60d | observed_nonsevere_precursor_coverage_31_60d | boundary_confirmed_by_immediate_prior_nonsevere | event_source_period | tight_boundary_60d | tight_boundary_90d
04_analysis_data/primary_external_evaluation/event_outcomes/external_incident_events_by_state.csv,research_data,13,5,state | episodes | lakes | years | tight_boundary_60d
04_analysis_data/primary_external_evaluation/event_outcomes/external_incident_events_by_year.csv,research_data,5,8,year | episodes | lakes | states | candidate_coverage_1_60d | candidate_coverage_31_60d | immediate_prior_nonsevere | tight_boundary_60d
04_analysis_data/primary_external_evaluation/event_outcomes/external_incident_events_tight_boundary_60d.csv,research_data,452,30,lake_id | event_date | event_chla_ug_l | previous_severe_gap_days | washout_days | episode_id | year | state | ecoregion | prior_observation_count_all_history | prior_observation_count_1_60d | prior_nonsevere_count_1_60d | prior_observation_count_31_60d | prior_nonsevere_count_31_60d | previous_observation_date | previous_observation_chla_ug_l | previous_observation_nonsevere | onset_bracket_width_days | candidate_origins_1_60d | candidate_coverage_1_60d | candidate_coverage_1_30d | candidate_coverage_31_60d | observed_precursor_coverage_1_60d | observed_nonsevere_precursor_coverage_1_60d | observed_precursor_coverage_31_60d | observed_nonsevere_precursor_coverage_31_60d | boundary_confirmed_by_immediate_prior_nonsevere | event_source_period | tight_boundary_60d | tight_boundary_90d
04_analysis_data/primary_external_evaluation/event_outcomes/usgs_lake_day.parquet,research_data,60583,11,lake_id | date | state | ecoregion | chla_ug_l | site_count | site_day_count | raw_record_count | censored_fraction | severe | source_period
04_analysis_data/primary_external_evaluation/event_outcomes/usgs_qc_summary.csv,research_data,7,2,criterion | rows
04_analysis_data/primary_external_evaluation/event_outcomes/usgs_site_day.parquet,research_data,76529,9,lake_id | source_site_key | date | pigment_priority | state | ecoregion | chla_ug_l | raw_record_count | censored_fraction
04_analysis_data/primary_external_evaluation/event_outcomes/washout_sensitivity.csv,research_data,4,8,washout_days | external_episodes | external_lakes | episodes_2021 | episodes_2022 | episodes_2023 | episodes_2024 | episodes_2025
04_analysis_data/primary_external_evaluation/event_outcomes/wqp_censor_summary.csv,research_data,12,4,ResultDetectionConditionText | observation_class | threshold_identifiable | rows
04_analysis_data/primary_external_evaluation/event_outcomes/wqp_lake_day.parquet,research_data,21137,11,lake_id | date | state | ecoregion | chla_ug_l | site_count | site_day_count | raw_record_count | censored_fraction | severe | source_period
04_analysis_data/primary_external_evaluation/event_outcomes/wqp_qc_summary.csv,research_data,10,2,criterion | rows
04_analysis_data/primary_external_evaluation/event_outcomes/wqp_site_day.parquet,research_data,25613,9,lake_id | source_site_key | date | pigment_priority | state | ecoregion | chla_ug_l | raw_record_count | censored_fraction
04_analysis_data/primary_external_evaluation/event_outcomes/wqp_unit_summary.csv,research_data,10,4,unit_norm | unit_multiplier | raw_rows | mapped_rows
04_analysis_data/primary_external_evaluation/meteorology_features/external_era5_grid_universe.csv,research_data,998,3,era5_grid_id | era5_latitude | era5_longitude
04_analysis_data/primary_external_evaluation/meteorology_features/external_meteorology_features.parquet,research_data,369720,184,lake_id | origin_date | hab_weekly_split | era5_grid_id | met_air_temp_mean_c_lag7_mean | met_air_temp_mean_c_lag7_p90 | met_air_temp_mean_c_lag7_slope | met_air_temp_min_c_lag7_min | met_air_temp_max_c_lag7_max | met_air_temp_max_c_lag7_count_ge_25 | met_precipitation_mm_lag7_sum | met_precipitation_mm_lag7_max | met_precipitation_mm_lag7_p90 | met_precipitation_mm_lag7_slope | met_precipitation_mm_lag7_count_gt_0 | met_precipitation_mm_lag7_count_ge_25 | met_wind_speed_mean_ms_lag7_mean | met_wind_speed_mean_ms_lag7_max | met_wind_speed_mean_ms_lag7_p90 | met_wind_speed_mean_ms_lag7_slope | met_wind_speed_mean_ms_lag7_count_le_2 | met_wind_u_mean_ms_lag7_mean | met_wind_v_mean_ms_lag7_mean | met_shortwave_radiation_j_m2_lag7_mean | met_shortwave_radiation_j_m2_lag7_sum | met_shortwave_radiation_j_m2_lag7_p90 | met_shortwave_radiation_j_m2_lag7_slope | met_surface_pressure_mean_pa_lag7_mean | met_surface_pressure_mean_pa_lag7_p90 | met_surface_pressure_mean_pa_lag7_slope | met_dewpoint_mean_c_lag7_mean | met_dewpoint_mean_c_lag7_p90 | met_dewpoint_mean_c_lag7_slope | met_dewpoint_min_c_lag7_min | met_dewpoint_max_c_lag7_max | met_vpd_mean_kpa_lag7_mean | met_vpd_mean_kpa_lag7_p90 | met_vpd_mean_kpa_lag7_slope | met_vpd_mean_kpa_lag7_count_ge_1_5 | met_vpd_max_kpa_lag7_max | met_air_temp_mean_c_lag14_mean | met_air_temp_mean_c_lag14_p90 | met_air_temp_mean_c_lag14_slope | met_air_temp_min_c_lag14_min | met_air_temp_max_c_lag14_max | met_air_temp_max_c_lag14_count_ge_25 | met_precipitation_mm_lag14_sum | met_precipitation_mm_lag14_max | met_precipitation_mm_lag14_p90 | met_precipitation_mm_lag14_slope | met_precipitation_mm_lag14_count_gt_0 | met_precipitation_mm_lag14_count_ge_25 | met_wind_speed_mean_ms_lag14_mean | met_wind_speed_mean_ms_lag14_max | met_wind_speed_mean_ms_lag14_p90 | met_wind_speed_mean_ms_lag14_slope | met_wind_speed_mean_ms_lag14_count_le_2 | met_wind_u_mean_ms_lag14_mean | met_wind_v_mean_ms_lag14_mean | met_shortwave_radiation_j_m2_lag14_mean | met_shortwave_radiation_j_m2_lag14_sum | met_shortwave_radiation_j_m2_lag14_p90 | met_shortwave_radiation_j_m2_lag14_slope | met_surface_pressure_mean_pa_lag14_mean | met_surface_pressure_mean_pa_lag14_p90 | met_surface_pressure_mean_pa_lag14_slope | met_dewpoint_mean_c_lag14_mean | met_dewpoint_mean_c_lag14_p90 | met_dewpoint_mean_c_lag14_slope | met_dewpoint_min_c_lag14_min | met_dewpoint_max_c_lag14_max | met_vpd_mean_kpa_lag14_mean | met_vpd_mean_kpa_lag14_p90 | met_vpd_mean_kpa_lag14_slope | met_vpd_mean_kpa_lag14_count_ge_1_5 | met_vpd_max_kpa_lag14_max | met_air_temp_mean_c_lag30_mean | met_air_temp_mean_c_lag30_p90 | met_air_temp_mean_c_lag30_slope | met_air_temp_min_c_lag30_min | met_air_temp_max_c_lag30_max | met_air_temp_max_c_lag30_count_ge_25 | met_precipitation_mm_lag30_sum | met_precipitation_mm_lag30_max | met_precipitation_mm_lag30_p90 | met_precipitation_mm_lag30_slope | met_precipitation_mm_lag30_count_gt_0 | met_precipitation_mm_lag30_count_ge_25 | met_wind_speed_mean_ms_lag30_mean | met_wind_speed_mean_ms_lag30_max | met_wind_speed_mean_ms_lag30_p90 | met_wind_speed_mean_ms_lag30_slope | met_wind_speed_mean_ms_lag30_count_le_2 | met_wind_u_mean_ms_lag30_mean | met_wind_v_mean_ms_lag30_mean | met_shortwave_radiation_j_m2_lag30_mean | met_shortwave_radiation_j_m2_lag30_sum | met_shortwave_radiation_j_m2_lag30_p90 | met_shortwave_radiation_j_m2_lag30_slope | met_surface_pressure_mean_pa_lag30_mean | met_surface_pressure_mean_pa_lag30_p90 | met_surface_pressure_mean_pa_lag30_slope | met_dewpoint_mean_c_lag30_mean | met_dewpoint_mean_c_lag30_p90 | met_dewpoint_mean_c_lag30_slope | met_dewpoint_min_c_lag30_min | met_dewpoint_max_c_lag30_max | met_vpd_mean_kpa_lag30_mean | met_vpd_mean_kpa_lag30_p90 | met_vpd_mean_kpa_lag30_slope | met_vpd_mean_kpa_lag30_count_ge_1_5 | met_vpd_max_kpa_lag30_max | met_air_temp_mean_c_lag60_mean | met_air_temp_mean_c_lag60_p90 | met_air_temp_mean_c_lag60_slope | met_air_temp_min_c_lag60_min | met_air_temp_max_c_lag60_max | met_air_temp_max_c_lag60_count_ge_25 | met_precipitation_mm_lag60_sum | met_precipitation_mm_lag60_max | met_precipitation_mm_lag60_p90 | met_precipitation_mm_lag60_slope | met_precipitation_mm_lag60_count_gt_0 | met_precipitation_mm_lag60_count_ge_25 | met_wind_speed_mean_ms_lag60_mean | met_wind_speed_mean_ms_lag60_max | met_wind_speed_mean_ms_lag60_p90 | met_wind_speed_mean_ms_lag60_slope | met_wind_speed_mean_ms_lag60_count_le_2 | met_wind_u_mean_ms_lag60_mean | met_wind_v_mean_ms_lag60_mean | met_shortwave_radiation_j_m2_lag60_mean | met_shortwave_radiation_j_m2_lag60_sum | met_shortwave_radiation_j_m2_lag60_p90 | met_shortwave_radiation_j_m2_lag60_slope | met_surface_pressure_mean_pa_lag60_mean | met_surface_pressure_mean_pa_lag60_p90 | met_surface_pressure_mean_pa_lag60_slope | met_dewpoint_mean_c_lag60_mean | met_dewpoint_mean_c_lag60_p90 | met_dewpoint_mean_c_lag60_slope | met_dewpoint_min_c_lag60_min | met_dewpoint_max_c_lag60_max | met_vpd_mean_kpa_lag60_mean | met_vpd_mean_kpa_lag60_p90 | met_vpd_mean_kpa_lag60_slope | met_vpd_mean_kpa_lag60_count_ge_1_5 | met_vpd_max_kpa_lag60_max | met_air_temp_mean_c_lag90_mean | met_air_temp_mean_c_lag90_p90 | met_air_temp_mean_c_lag90_slope | met_air_temp_min_c_lag90_min | met_air_temp_max_c_lag90_max | met_air_temp_max_c_lag90_count_ge_25 | met_precipitation_mm_lag90_sum | met_precipitation_mm_lag90_max | met_precipitation_mm_lag90_p90 | met_precipitation_mm_lag90_slope | met_precipitation_mm_lag90_count_gt_0 | met_precipitation_mm_lag90_count_ge_25 | met_wind_speed_mean_ms_lag90_mean | met_wind_speed_mean_ms_lag90_max | met_wind_speed_mean_ms_lag90_p90 | met_wind_speed_mean_ms_lag90_slope | met_wind_speed_mean_ms_lag90_count_le_2 | met_wind_u_mean_ms_lag90_mean | met_wind_v_mean_ms_lag90_mean | met_shortwave_radiation_j_m2_lag90_mean | met_shortwave_radiation_j_m2_lag90_sum | met_shortwave_radiation_j_m2_lag90_p90 | met_shortwave_radiation_j_m2_lag90_slope | met_surface_pressure_mean_pa_lag90_mean | met_surface_pressure_mean_pa_lag90_p90 | met_surface_pressure_mean_pa_lag90_slope | met_dewpoint_mean_c_lag90_mean | met_dewpoint_mean_c_lag90_p90 | met_dewpoint_mean_c_lag90_slope | met_dewpoint_min_c_lag90_min | met_dewpoint_max_c_lag90_max | met_vpd_mean_kpa_lag90_mean | met_vpd_mean_kpa_lag90_p90 | met_vpd_mean_kpa_lag90_slope | met_vpd_mean_kpa_lag90_count_ge_1_5 | met_vpd_max_kpa_lag90_max
04_analysis_data/primary_external_evaluation/meteorology_features/meteorology_predictor_dictionary.csv,research_data,180,12,feature_name | evidence_stream | source_product | source_variable | canonical_unit | window_days | statistic | availability_contract | missing_policy | fold_fit_required | freeze_decision | decision_reason
04_analysis_data/primary_external_evaluation/multi_horizon_scores/external_feature_coverage.csv,research_data,5,5,feature_group | predictors | rows_any_nonmissing | rows_all_missing | numeric_cell_nonmissing_fraction
04_analysis_data/primary_external_evaluation/multi_horizon_scores/external_outcome_blind_scores.parquet,research_data,369720,26,candidate_row_key | lake_id | origin_date | outer_lake_fold | era5_grid_id | scenario | multi_horizon_score | interval_active_by_30d | interval_active_by_14d | eligible_external_candidate | hab_weekly_split | origin_year | interval_active_days_31_60 | interval_active_days_15_30 | queue_rank__multi_horizon | queue_selected__multi_horizon | queue_capacity__multi_horizon | queue_rank__risk_days_31_60 | queue_selected__risk_days_31_60 | queue_capacity__risk_days_31_60 | queue_rank__risk_days_15_30 | queue_selected__risk_days_15_30 | queue_capacity__risk_days_15_30 | queue_rank__risk_days_1_14 | queue_selected__risk_days_1_14 | queue_capacity__risk_days_1_14
04_analysis_data/primary_external_evaluation/multi_horizon_scores/frozen_external_queues.parquet,research_data,146524,11,policy | candidate_row_key | lake_id | origin_date | outer_lake_fold | policy_score | queue_rank | capacity | eligible_candidates | selected | selected_key_sha256
04_analysis_data/primary_external_evaluation/satellite_features/cache_manifest.csv,research_data,2844,5,lake_id | cache_file | bytes | sha256 | output_count
04_analysis_data/primary_external_evaluation/satellite_features/cyan_duplicate_lake_week_resolution.csv,research_data,80,12,lake_id | week_end | cell_dn | max_dn | validCellsCount | requested_latitude | requested_longitude | returned_latitude | returned_longitude | returned_coordinate_distance_m | candidate_count | selected_for_lake_week
04_analysis_data/primary_external_evaluation/satellite_features/download_status.csv,research_data,2844,5,lake_id | status | output_count | bytes | completion_round
04_analysis_data/primary_external_evaluation/satellite_features/epa_cyan_complete_weekly_history.parquet,research_data,779256,6,lake_id | week_end | cell_dn | validCellsCount | api_output_present | cell_dn_raw
04_analysis_data/primary_external_evaluation/satellite_features/external_epa_cyan_features.parquet,research_data,369720,32,lake_id | origin_date | satellite_cyan_lag14_mean | satellite_cyan_lag14_max | satellite_cyan_lag14_p90 | satellite_cyan_lag14_positive_days | satellite_cyan_lag14_positive_fraction_among_valid | satellite_cyan_lag14_latest_value | satellite_cyan_lag30_mean | satellite_cyan_lag30_max | satellite_cyan_lag30_p90 | satellite_cyan_lag30_variability | satellite_cyan_lag30_slope_per_day | satellite_cyan_lag30_positive_days | satellite_cyan_lag30_positive_fraction_among_valid | satellite_cyan_lag30_latest_value | satellite_cyan_lag60_mean | satellite_cyan_lag60_max | satellite_cyan_lag60_p90 | satellite_cyan_lag60_variability | satellite_cyan_lag60_slope_per_day | satellite_cyan_lag60_positive_days | satellite_cyan_lag60_positive_fraction_among_valid | satellite_cyan_lag60_latest_value | satellite_cyan_lag90_mean | satellite_cyan_lag90_max | satellite_cyan_lag90_p90 | satellite_cyan_lag90_variability | satellite_cyan_lag90_slope_per_day | satellite_cyan_lag90_positive_days | satellite_cyan_lag90_positive_fraction_among_valid | satellite_cyan_lag90_latest_value
04_analysis_data/primary_external_evaluation/strict_identity_sensitivity/combined_lake_day_2005_2025.parquet,research_data,43069,11,lake_id | date | state | ecoregion | chla_ug_l | site_count | site_day_count | raw_record_count | censored_fraction | severe | source_period
04_analysis_data/primary_external_evaluation/strict_identity_sensitivity/external_incident_events.csv,research_data,325,30,lake_id | event_date | event_chla_ug_l | previous_severe_gap_days | washout_days | episode_id | year | state | ecoregion | prior_observation_count_all_history | prior_observation_count_1_60d | prior_nonsevere_count_1_60d | prior_observation_count_31_60d | prior_nonsevere_count_31_60d | previous_observation_date | previous_observation_chla_ug_l | previous_observation_nonsevere | onset_bracket_width_days | candidate_origins_1_60d | candidate_coverage_1_60d | candidate_coverage_1_30d | candidate_coverage_31_60d | observed_precursor_coverage_1_60d | observed_nonsevere_precursor_coverage_1_60d | observed_precursor_coverage_31_60d | observed_nonsevere_precursor_coverage_31_60d | boundary_confirmed_by_immediate_prior_nonsevere | event_source_period | tight_boundary_60d | tight_boundary_90d
04_analysis_data/primary_external_evaluation/strict_identity_sensitivity/external_incident_events_by_state.csv,research_data,9,5,state | episodes | lakes | years | tight_boundary_60d
04_analysis_data/primary_external_evaluation/strict_identity_sensitivity/external_incident_events_by_year.csv,research_data,5,8,year | episodes | lakes | states | candidate_coverage_1_60d | candidate_coverage_31_60d | immediate_prior_nonsevere | tight_boundary_60d
04_analysis_data/primary_external_evaluation/strict_identity_sensitivity/external_incident_events_tight_boundary_60d.csv,research_data,187,30,lake_id | event_date | event_chla_ug_l | previous_severe_gap_days | washout_days | episode_id | year | state | ecoregion | prior_observation_count_all_history | prior_observation_count_1_60d | prior_nonsevere_count_1_60d | prior_observation_count_31_60d | prior_nonsevere_count_31_60d | previous_observation_date | previous_observation_chla_ug_l | previous_observation_nonsevere | onset_bracket_width_days | candidate_origins_1_60d | candidate_coverage_1_60d | candidate_coverage_1_30d | candidate_coverage_31_60d | observed_precursor_coverage_1_60d | observed_nonsevere_precursor_coverage_1_60d | observed_precursor_coverage_31_60d | observed_nonsevere_precursor_coverage_31_60d | boundary_confirmed_by_immediate_prior_nonsevere | event_source_period | tight_boundary_60d | tight_boundary_90d
04_analysis_data/primary_external_evaluation/strict_identity_sensitivity/usgs_lake_day.parquet,research_data,32100,11,lake_id | date | state | ecoregion | chla_ug_l | site_count | site_day_count | raw_record_count | censored_fraction | severe | source_period
04_analysis_data/primary_external_evaluation/strict_identity_sensitivity/usgs_qc_summary.csv,research_data,7,2,criterion | rows
04_analysis_data/primary_external_evaluation/strict_identity_sensitivity/usgs_site_day.parquet,research_data,35911,9,lake_id | source_site_key | date | pigment_priority | state | ecoregion | chla_ug_l | raw_record_count | censored_fraction
04_analysis_data/primary_external_evaluation/strict_identity_sensitivity/washout_sensitivity.csv,research_data,4,8,washout_days | external_episodes | external_lakes | episodes_2021 | episodes_2022 | episodes_2023 | episodes_2024 | episodes_2025
04_analysis_data/primary_external_evaluation/strict_identity_sensitivity/wqp_censor_summary.csv,research_data,12,4,ResultDetectionConditionText | observation_class | threshold_identifiable | rows
04_analysis_data/primary_external_evaluation/strict_identity_sensitivity/wqp_lake_day.parquet,research_data,10969,11,lake_id | date | state | ecoregion | chla_ug_l | site_count | site_day_count | raw_record_count | censored_fraction | severe | source_period
04_analysis_data/primary_external_evaluation/strict_identity_sensitivity/wqp_qc_summary.csv,research_data,10,2,criterion | rows
04_analysis_data/primary_external_evaluation/strict_identity_sensitivity/wqp_site_day.parquet,research_data,12058,9,lake_id | source_site_key | date | pigment_priority | state | ecoregion | chla_ug_l | raw_record_count | censored_fraction
04_analysis_data/primary_external_evaluation/strict_identity_sensitivity/wqp_unit_summary.csv,research_data,10,4,unit_norm | unit_multiplier | raw_rows | mapped_rows
04_analysis_data/primary_external_evaluation/water_quality_features/builder_variable_coverage.csv,research_data,5,6,variable | history_lakes | candidate_rows_in_lakes_with_history | candidate_rows_any_numeric_feature | candidate_rows_all_numeric_features_missing | numeric_cell_nonmissing_fraction
04_analysis_data/primary_external_evaluation/water_quality_features/external_wqp_surface_features.parquet,research_data,369720,146,lake_id | origin_date | candidate_row_key | hab_weekly_split | outer_lake_fold | eligible_external_candidate | wq_tn_lag14_mean | wq_tn_lag14_max | wq_tn_lag14_p90 | wq_tn_lag14_slope_per_day | wq_tn_lag14_latest_value | wq_tn_lag30_mean | wq_tn_lag30_max | wq_tn_lag30_p90 | wq_tn_lag30_slope_per_day | wq_tn_lag30_latest_value | wq_tn_lag60_mean | wq_tn_lag60_max | wq_tn_lag60_p90 | wq_tn_lag60_slope_per_day | wq_tn_lag60_latest_value | wq_tn_lag90_mean | wq_tn_lag90_max | wq_tn_lag90_p90 | wq_tn_lag90_slope_per_day | wq_tn_lag90_latest_value | wq_tp_lag14_mean | wq_tp_lag14_max | wq_tp_lag14_p90 | wq_tp_lag14_slope_per_day | wq_tp_lag14_latest_value | wq_tp_lag30_mean | wq_tp_lag30_max | wq_tp_lag30_p90 | wq_tp_lag30_slope_per_day | wq_tp_lag30_latest_value | wq_tp_lag60_mean | wq_tp_lag60_max | wq_tp_lag60_p90 | wq_tp_lag60_slope_per_day | wq_tp_lag60_latest_value | wq_tp_lag90_mean | wq_tp_lag90_max | wq_tp_lag90_p90 | wq_tp_lag90_slope_per_day | wq_tp_lag90_latest_value | wq_do_lag14_mean | wq_do_lag14_max | wq_do_lag14_p90 | wq_do_lag14_slope_per_day | wq_do_lag14_latest_value | wq_do_lag30_mean | wq_do_lag30_max | wq_do_lag30_p90 | wq_do_lag30_slope_per_day | wq_do_lag30_latest_value | wq_do_lag60_mean | wq_do_lag60_max | wq_do_lag60_p90 | wq_do_lag60_slope_per_day | wq_do_lag60_latest_value | wq_do_lag90_mean | wq_do_lag90_max | wq_do_lag90_p90 | wq_do_lag90_slope_per_day | wq_do_lag90_latest_value | wq_ph_lag14_mean | wq_ph_lag14_max | wq_ph_lag14_p90 | wq_ph_lag14_slope_per_day | wq_ph_lag14_latest_value | wq_ph_lag30_mean | wq_ph_lag30_max | wq_ph_lag30_p90 | wq_ph_lag30_slope_per_day | wq_ph_lag30_latest_value | wq_ph_lag60_mean | wq_ph_lag60_max | wq_ph_lag60_p90 | wq_ph_lag60_slope_per_day | wq_ph_lag60_latest_value | wq_ph_lag90_mean | wq_ph_lag90_max | wq_ph_lag90_p90 | wq_ph_lag90_slope_per_day | wq_ph_lag90_latest_value | wq_conductivity_lag14_mean | wq_conductivity_lag14_max | wq_conductivity_lag14_p90 | wq_conductivity_lag14_slope_per_day | wq_conductivity_lag14_latest_value | wq_conductivity_lag30_mean | wq_conductivity_lag30_max | wq_conductivity_lag30_p90 | wq_conductivity_lag30_slope_per_day | wq_conductivity_lag30_latest_value | wq_conductivity_lag60_mean | wq_conductivity_lag60_max | wq_conductivity_lag60_p90 | wq_conductivity_lag60_slope_per_day | wq_conductivity_lag60_latest_value | wq_conductivity_lag90_mean | wq_conductivity_lag90_max | wq_conductivity_lag90_p90 | wq_conductivity_lag90_slope_per_day | wq_conductivity_lag90_latest_value | wq_turbidity_lag14_mean | wq_turbidity_lag14_max | wq_turbidity_lag14_p90 | wq_turbidity_lag14_slope_per_day | wq_turbidity_lag14_latest_value | wq_turbidity_lag30_mean | wq_turbidity_lag30_max | wq_turbidity_lag30_p90 | wq_turbidity_lag30_slope_per_day | wq_turbidity_lag30_latest_value | wq_turbidity_lag60_mean | wq_turbidity_lag60_max | wq_turbidity_lag60_p90 | wq_turbidity_lag60_slope_per_day | wq_turbidity_lag60_latest_value | wq_turbidity_lag90_mean | wq_turbidity_lag90_max | wq_turbidity_lag90_p90 | wq_turbidity_lag90_slope_per_day | wq_turbidity_lag90_latest_value | wq_secchi_depth_lag14_mean | wq_secchi_depth_lag14_max | wq_secchi_depth_lag14_p90 | wq_secchi_depth_lag14_slope_per_day | wq_secchi_depth_lag14_latest_value | wq_secchi_depth_lag30_mean | wq_secchi_depth_lag30_max | wq_secchi_depth_lag30_p90 | wq_secchi_depth_lag30_slope_per_day | wq_secchi_depth_lag30_latest_value | wq_secchi_depth_lag60_mean | wq_secchi_depth_lag60_max | wq_secchi_depth_lag60_p90 | wq_secchi_depth_lag60_slope_per_day | wq_secchi_depth_lag60_latest_value | wq_secchi_depth_lag90_mean | wq_secchi_depth_lag90_max | wq_secchi_depth_lag90_p90 | wq_secchi_depth_lag90_slope_per_day | wq_secchi_depth_lag90_latest_value
04_analysis_data/primary_external_evaluation/water_quality_features/wqp_feature_coverage.csv,research_data,7,6,variable | source_status | predictors | rows_any_numeric_feature | rows_all_numeric_features_missing | numeric_cell_nonmissing_fraction
04_analysis_data/sensitivity_analyses/lake_equal_weighting/lake_equal_weight_bootstrap_draws.parquet,research_data,5000,7,bootstrap_draw | total_event_copies | multi_horizon_captured_events | baseline_captured_events | capture_rate_difference | lake_equal_difference | event_lake_copies
04_analysis_data/sensitivity_analyses/lake_equal_weighting/lake_equal_weight_lake_level_contrasts.csv,research_data,355,8,lake_id | episode_count | multi_horizon_captured_episode_count | direct_60_day_captured_episode_count | multi_horizon_lake_rate | direct_60_day_lake_rate | lake_difference_pp | support_status
04_analysis_data/sensitivity_analyses/lake_equal_weighting/lake_equal_weight_primary_effect.csv,research_data,2,13,weighting_scheme | endpoint | unit_denominator | event_episode_denominator | event_lake_denominator | multi_horizon_captured | direct_60_day_captured | difference_pp | ci_low_pp | ci_high_pp | bootstrap_replicates | bootstrap_seed | evidence_tier
04_analysis_data/sensitivity_analyses/same_feature_60_day_control/development_outer_scores.parquet,research_data,14508,8,candidate_row_key | lake_id | origin_date | outer_lake_fold | origin_year | matched_60_day_base | target_definition | model_id
04_analysis_data/sensitivity_analyses/same_feature_60_day_control/external_feature_coverage.csv,research_data,5,5,feature_group | predictors | rows_any_nonmissing | rows_all_missing | numeric_cell_nonmissing_fraction
04_analysis_data/sensitivity_analyses/same_feature_60_day_control/external_outcome_blind_scores.parquet,research_data,369720,10,candidate_row_key | lake_id | origin_date | outer_lake_fold | origin_year | eligible_external_candidate | matched_60_day_base | queue_rank__matched_60_day_base | queue_selected__matched_60_day_base | queue_capacity__matched_60_day_base
04_analysis_data/sensitivity_analyses/same_feature_60_day_control/external_queues.parquet,research_data,36631,10,candidate_row_key | lake_id | origin_date | outer_lake_fold | origin_year | eligible_external_candidate | matched_60_day_base | queue_rank__matched_60_day_base | queue_selected__matched_60_day_base | queue_capacity__matched_60_day_base
04_analysis_data/sensitivity_analyses/same_feature_60_day_control/fold_0/development_scores.parquet,research_data,3014,8,candidate_row_key | lake_id | origin_date | outer_lake_fold | origin_year | matched_60_day_base | target_definition | model_id
04_analysis_data/sensitivity_analyses/same_feature_60_day_control/fold_1/development_scores.parquet,research_data,2869,8,candidate_row_key | lake_id | origin_date | outer_lake_fold | origin_year | matched_60_day_base | target_definition | model_id
04_analysis_data/sensitivity_analyses/same_feature_60_day_control/fold_2/development_scores.parquet,research_data,2747,8,candidate_row_key | lake_id | origin_date | outer_lake_fold | origin_year | matched_60_day_base | target_definition | model_id
04_analysis_data/sensitivity_analyses/same_feature_60_day_control/fold_3/development_scores.parquet,research_data,3280,8,candidate_row_key | lake_id | origin_date | outer_lake_fold | origin_year | matched_60_day_base | target_definition | model_id
04_analysis_data/sensitivity_analyses/same_feature_60_day_control/fold_4/development_scores.parquet,research_data,2598,8,candidate_row_key | lake_id | origin_date | outer_lake_fold | origin_year | matched_60_day_base | target_definition | model_id
04_analysis_data/sensitivity_analyses/same_feature_60_day_control/target_label_equivalence_audit.csv,research_data,5,17,audit_scope | heldout_lake_fold | rows | multi_horizon_label_equivalence | raw_transformer_hash_identity | raw_model_hash_identity | raw_model_coefficient_max_abs_difference | raw_model_intercept_max_abs_difference | multi_horizon_raw_transformer_joblib_hash | same_feature_raw_transformer_joblib_hash | multi_horizon_raw_model_joblib_hash | same_feature_raw_model_joblib_hash | final_calibrated_projected_multi_horizon_vs_same_feature_raw_score_max_abs_difference | final_calibrated_projected_multi_horizon_vs_same_feature_raw_score_mean_abs_difference | final_calibrated_projected_multi_horizon_vs_same_feature_raw_score_pearson | multi_horizon_score_file_sha256 | same_feature_score_file_sha256
04_analysis_data/sensitivity_analyses/same_feature_60_day_control/target_only_bootstrap_draws.parquet,research_data,5000,5,bootstrap_draw | total_event_copies | multi_horizon_captured_events | baseline_captured_events | capture_rate_difference
04_analysis_data/sensitivity_analyses/same_feature_60_day_control/target_only_primary_effect.csv,research_data,1,16,endpoint | candidate_policy | baseline_policy | feature_set_id | target_contrast | all_events_denominator | candidate_captured_events | baseline_captured_events | candidate_capture_rate | baseline_capture_rate | difference_pp | ci_low_pp | ci_high_pp | bootstrap_replicates | bootstrap_seed | evidence_tier
04_analysis_data/sensitivity_analyses/selection_capacity/external_capacity_curve_bootstrap_draws.parquet,research_data,20000,6,bootstrap_draw | capacity_fraction | total_event_copies | multi_horizon_captured_events | baseline_captured_events | capture_rate_difference
04_analysis_data/sensitivity_analyses/selection_capacity/external_capacity_curve_summary.csv,research_data,4,15,scenario_order | capacity_fraction | capacity_rule | endpoint | all_events_denominator | multi_horizon_captured_events | multi_horizon_capture_rate | direct_60_day_captured_events | direct_60_day_capture_rate | difference_pp | ci_low_pp | ci_high_pp | bootstrap_replicates | bootstrap_seed | evidence_tier
04_analysis_data/strategy_evaluation/bootstrap_10pct_draws.parquet,strategy_result,40000,8,bootstrap_draw | stratum | endpoint | event_copies | multi_horizon_captured | direct_60_day_captured | historical_risk_captured | difference_pp
04_analysis_data/strategy_evaluation/capacity_coverage.csv,strategy_result,186,9,capacity_percent | capacity_fraction | endpoint | policy | event_n | captured_events | coverage_percent | selected_slots | analysis_role
04_analysis_data/strategy_evaluation/capacity_differences.csv,strategy_result,62,9,capacity_percent | endpoint | event_n | multi_horizon_events | direct_60_day_events | difference_pp | ci_low_pp | ci_high_pp | ci_source
04_analysis_data/strategy_evaluation/component_control.csv,strategy_result,1,16,endpoint | multi_horizon_output | matched_60_day_base | feature_set_id | target_contrast | all_events_denominator | multi_horizon_captured_events | matched_60_day_base_captured_events | multi_horizon_event_coverage | matched_60_day_base_event_coverage | difference_pp | interval_low_pp | interval_high_pp | bootstrap_replicates | bootstrap_seed | evidence_tier
04_analysis_data/strategy_evaluation/development_event_coverage.csv,strategy_result,2,4,policy | selected_rows | captured_events_1_60 | captured_events_31_60
04_analysis_data/strategy_evaluation/development_probability_metrics.csv,strategy_result,2,12,group | policy | rows | positive_rows | prevalence | auprc | auroc | brier | log_loss | mean_probability | calibration_intercept | calibration_slope
04_analysis_data/strategy_evaluation/endpoint_comparisons.csv,strategy_result,6,13,endpoint | policy | comparator | event_n | captured_events | comparator_captured_events | difference_pp | ci_low_pp | ci_high_pp | analysis_role | bootstrap_replicates | policy_name_en | comparator_name_en
04_analysis_data/strategy_evaluation/event_capture_10pct.csv,strategy_result,696,37,lake_id | event_date | event_chla_ug_l | previous_severe_gap_days | washout_days | episode_id | year | state | ecoregion | prior_observation_count_all_history | prior_observation_count_1_60d | prior_nonsevere_count_1_60d | prior_observation_count_31_60d | prior_nonsevere_count_31_60d | previous_observation_date | previous_observation_chla_ug_l | previous_observation_nonsevere | onset_bracket_width_days | candidate_origins_1_60d | candidate_coverage_1_60d | candidate_coverage_1_30d | candidate_coverage_31_60d | observed_precursor_coverage_1_60d | observed_nonsevere_precursor_coverage_1_60d | observed_precursor_coverage_31_60d | observed_nonsevere_precursor_coverage_31_60d | boundary_confirmed_by_immediate_prior_nonsevere | event_source_period | tight_boundary_60d | tight_boundary_90d | support_stratum | captured__primary_31_60__multi_horizon | captured__primary_31_60__direct_60_day | captured__primary_31_60__historical_risk | captured__secondary_1_60__multi_horizon | captured__secondary_1_60__direct_60_day | captured__secondary_1_60__historical_risk
04_analysis_data/strategy_evaluation/historical_risk_comparisons.csv,strategy_result,4,15,endpoint | policy | baseline_policy | capacity_percent | event_n | policy_captured | historical_risk_captured | policy_coverage_percent | historical_risk_coverage_percent | difference_pp | ci_low_pp | ci_high_pp | bootstrap_replicates | bootstrap_seed | analysis_role
04_analysis_data/strategy_evaluation/historical_risk_lake_scores.csv,strategy_result,2844,6,lake_id | history_day_n | high_chla_day_n | latest_sample_date | latest_available_date | historical_risk
04_analysis_data/strategy_evaluation/monitoring_support_lakes.csv,strategy_result,2844,4,lake_id | observation_day_n | stratum | event_n
04_analysis_data/strategy_evaluation/monitoring_support_strata_results.csv,strategy_result,10,18,stratum | endpoint | candidate_lake_n | event_lake_n | event_n | observation_day_min | observation_day_max | multi_horizon_captured | direct_60_day_captured | multi_horizon_coverage_percent | direct_60_day_coverage_percent | difference_pp | net_covered_events | contribution_to_overall_difference_pp | ci_low_pp | ci_high_pp | valid_bootstrap_replicates | analysis_role
04_analysis_data/strategy_evaluation/origin_capacity_audit.csv,strategy_result,130,4,origin_date | eligible_candidates | capacity_10pct | both_formal_queues_exact
04_analysis_data/strategy_evaluation/point_estimates.csv,strategy_result,6,9,endpoint | policy | name_en | captured_events | event_n | coverage_percent | selected_slots | capacity_percent | analysis_role
04_analysis_data/strategy_evaluation/selection_records_10pct.parquet,strategy_result,109893,6,candidate_row_key | lake_id | origin_date | score | policy | capacity
04_analysis_data/strategy_evaluation/turnover_adjacent_origins.csv,strategy_result,258,10,policy | previous_origin | current_origin | gap_days | previous_capacity | current_capacity | shared_lakes | union_lakes | jaccard_overlap | jaccard_turnover
04_analysis_data/strategy_evaluation/turnover_lake_selection_counts.csv,strategy_result,5688,4,policy | lake_id | selection_n | ever_selected
04_analysis_data/strategy_evaluation/turnover_summary.csv,strategy_result,2,16,policy | candidate_lake_n | origin_n | adjacent_pair_n | total_selection_slots | unique_selected_lakes | unique_lake_reach_percent | repeat_selection_median | repeat_selection_lower_quartile | repeat_selection_upper_quartile | repeat_selection_mean | jaccard_mean | jaccard_median | jaccard_lower_quartile | jaccard_upper_quartile | jaccard_turnover_mean
05_models/direct_60_day/model_index.csv,model,75,6,target_year | outer_lake_fold | probe | role | artifact_path | sha256
05_models/multi_horizon/coefficient_group_summary.csv,model,18,7,threshold_days | feature_group | coefficient_count | mean_absolute_coefficient | median_absolute_coefficient | summed_absolute_coefficient | maximum_absolute_coefficient
05_models/multi_horizon/development_score_reproduction.parquet,model,14508,10,candidate_row_key | lake_id | origin_date | fold | rebuilt__multi_horizon_score | frozen__multi_horizon_score | rebuilt__interval_active_by_30d | frozen__interval_active_by_30d | rebuilt__interval_active_by_14d | frozen__interval_active_by_14d
05_models/multi_horizon/fold_0/development_score_reproduction.parquet,model,3014,10,candidate_row_key | lake_id | origin_date | fold | rebuilt__multi_horizon_score | frozen__multi_horizon_score | rebuilt__interval_active_by_30d | frozen__interval_active_by_30d | rebuilt__interval_active_by_14d | frozen__interval_active_by_14d
05_models/multi_horizon/fold_1/development_score_reproduction.parquet,model,2869,10,candidate_row_key | lake_id | origin_date | fold | rebuilt__multi_horizon_score | frozen__multi_horizon_score | rebuilt__interval_active_by_30d | frozen__interval_active_by_30d | rebuilt__interval_active_by_14d | frozen__interval_active_by_14d
05_models/multi_horizon/fold_2/development_score_reproduction.parquet,model,2747,10,candidate_row_key | lake_id | origin_date | fold | rebuilt__multi_horizon_score | frozen__multi_horizon_score | rebuilt__interval_active_by_30d | frozen__interval_active_by_30d | rebuilt__interval_active_by_14d | frozen__interval_active_by_14d
05_models/multi_horizon/fold_3/development_score_reproduction.parquet,model,3280,10,candidate_row_key | lake_id | origin_date | fold | rebuilt__multi_horizon_score | frozen__multi_horizon_score | rebuilt__interval_active_by_30d | frozen__interval_active_by_30d | rebuilt__interval_active_by_14d | frozen__interval_active_by_14d
05_models/multi_horizon/fold_4/development_score_reproduction.parquet,model,2598,10,candidate_row_key | lake_id | origin_date | fold | rebuilt__multi_horizon_score | frozen__multi_horizon_score | rebuilt__interval_active_by_30d | frozen__interval_active_by_30d | rebuilt__interval_active_by_14d | frozen__interval_active_by_14d
05_models/multi_horizon/interval_stage_coefficients.parquet,model,11577,6,fold | threshold_days | transformed_feature | feature_group | coefficient | absolute_coefficient
05_models/multi_horizon/top_coefficients.csv,model,90,6,fold | threshold_days | transformed_feature | feature_group | coefficient | absolute_coefficient
06_code/figure_generation/resources/geography/multi_horizon_geographic_counts.csv,research_data,347,4,population_id | classification_type | classification_value | lake_count
06_code/figure_generation/resources/geography/multi_horizon_lakes.csv,research_data,2844,22,lake_id | longitude | latitude | x_epsg5070_m | y_epsg5070_m | coordinate_source_id | coordinate_crs | state | ecoregion_source | ecoregion_display | conus_bounds_valid | candidate_universe | external_period_candidate_domain | external_monitoring_lake_domain | has_frozen_pre2021_predictor_history | has_post2020_external_chla_history | formal_event_lake | formal_event_episode_count | multi_horizon_ever_selected | direct_60_day_ever_selected | policy_overlap_ever_selected | ever_selected_role
06_code/figure_generation/resources/geography/multi_horizon_population_summary.csv,research_data,10,8,population_id | definition | lake_count | coordinate_missing_count | coordinate_invalid_count | conus_out_of_bounds_count | state_count | ecoregion_count
07_metadata/figure_source_map.csv,metadata,37,5,figure | topic | figure_path | source_data_path | rows
07_metadata/key_results.csv,metadata,6,9,endpoint | policy | name_en | captured_events | event_n | coverage_percent | selected_slots | capacity_percent | analysis_role
07_metadata/policy_registry.csv,metadata,4,5,policy_id | name_en | score_column | role | definition_en
08_manuscript_tables/Table_1.csv,research_data,10,3,Evaluation element | Value | Definition
08_manuscript_tables/Table_2.csv,research_data,2,4,Window | Multi-horizon strategy | Direct 60-day strategy | Historical-risk rule (post hoc)
08_manuscript_tables/Table_3.csv,research_data,6,5,Window | Contrast | Difference (pp) | 95% CI (pp) | Design status
08_manuscript_tables/Table_S1.csv,research_data,21,4,Scenario | Events | 31–60-day difference (pp; 95% CI) | 1–60-day difference (pp; 95% CI)
08_manuscript_tables/Table_S2.csv,research_data,8,5,Observation support | Window | Multi-horizon strategy | Direct 60-day strategy | Difference (pp; 95% CI)
