lake_id,event_count,multi_horizon_captured_event_count,direct_60_day_captured_event_count,multi_horizon_lake_event_coverage,direct_60_day_lake_event_coverage,lake_specific_coverage_difference_pp,support_status
100219,1,1,1,1.0,1.0,0.0,all_frozen_event_lakes_in_denominator
102115,1,0,0,0.0,0.0,0.0,all_frozen_event_lakes_in_denominator
103186,1,0,0,0.0,0.0,0.0,all_frozen_event_lakes_in_denominator
10769,4,1,0,0.25,0.0,25.0,all_frozen_event_lakes_in_denominator
108402,1,0,0,0.0,0.0,0.0,all_frozen_event_lakes_in_denominator
110327,4,2,0,0.5,0.0,50.0,all_frozen_event_lakes_in_denominator
111528,1,0,0,0.0,0.0,0.0,all_frozen_event_lakes_in_denominator
111821,1,1,0,1.0,0.0,100.0,all_frozen_event_lakes_in_denominator
112493,1,0,0,0.0,0.0,0.0,all_frozen_event_lakes_in_denominator
1143,1,0,0,0.0,0.0,0.0,all_frozen_event_lakes_in_denominator
116962,1,1,1,1.0,1.0,0.0,all_frozen_event_lakes_in_denominator
118775,1,0,1,0.0,1.0,-100.0,all_frozen_event_lakes_in_denominator
118786,1,0,1,0.0,1.0,-100.0,all_frozen_event_lakes_in_denominator
119767,1,0,0,0.0,0.0,0.0,all_frozen_event_lakes_in_denominator
121869,2,0,0,0.0,0.0,0.0,all_frozen_event_lakes_in_denominator
1227,3,0,0,0.0,0.0,0.0,all_frozen_event_lakes_in_denominator
123972,2,1,1,0.5,0.5,0.0,all_frozen_event_lakes_in_denominator
124012,2,1,2,0.5,1.0,-50.0,all_frozen_event_lakes_in_denominator
124029,2,0,0,0.0,0.0,0.0,all_frozen_event_lakes_in_denominator
124051,2,0,0,0.0,0.0,0.0,all_frozen_event_lakes_in_denominator
126136,2,0,0,0.0,0.0,0.0,all_frozen_event_lakes_in_denominator
128328,2,0,0,0.0,0.0,0.0,all_frozen_event_lakes_in_denominator
1321,1,0,0,0.0,0.0,0.0,all_frozen_event_lakes_in_denominator
132581,4,3,1,0.75,0.25,50.0,all_frozen_event_lakes_in_denominator
134664,2,0,0,0.0,0.0,0.0,all_frozen_event_lakes_in_denominator
134680,1,0,0,0.0,0.0,0.0,all_frozen_event_lakes_in_denominator
137728,2,2,2,1.0,1.0,0.0,all_frozen_event_lakes_in_denominator
1378,1,0,0,0.0,0.0,0.0,all_frozen_event_lakes_in_denominator
138812,1,0,0,0.0,0.0,0.0,all_frozen_event_lakes_in_denominator
139770,3,3,2,1.0,0.6666666666666666,33.333333333333336,all_frozen_event_lakes_in_denominator
139780,1,0,0,0.0,0.0,0.0,all_frozen_event_lakes_in_denominator
139838,2,0,0,0.0,0.0,0.0,all_frozen_event_lakes_in_denominator
1401,3,3,3,1.0,1.0,0.0,all_frozen_event_lakes_in_denominator
141802,3,2,2,0.6666666666666666,0.6666666666666666,0.0,all_frozen_event_lakes_in_denominator
141821,1,0,1,0.0,1.0,-100.0,all_frozen_event_lakes_in_denominator
141883,2,2,2,1.0,1.0,0.0,all_frozen_event_lakes_in_denominator
141910,1,1,0,1.0,0.0,100.0,all_frozen_event_lakes_in_denominator
142108,11,4,9,0.3636363636363636,0.8181818181818182,-45.45454545454546,all_frozen_event_lakes_in_denominator
142130,1,0,0,0.0,0.0,0.0,all_frozen_event_lakes_in_denominator
142330,5,4,4,0.8,0.8,0.0,all_frozen_event_lakes_in_denominator
142339,1,1,1,1.0,1.0,0.0,all_frozen_event_lakes_in_denominator
142349,1,0,0,0.0,0.0,0.0,all_frozen_event_lakes_in_denominator
1431,1,1,1,1.0,1.0,0.0,all_frozen_event_lakes_in_denominator
1448,1,0,1,0.0,1.0,-100.0,all_frozen_event_lakes_in_denominator
1465,2,1,0,0.5,0.0,50.0,all_frozen_event_lakes_in_denominator
146676,2,0,1,0.0,0.5,-50.0,all_frozen_event_lakes_in_denominator
14775,1,0,0,0.0,0.0,0.0,all_frozen_event_lakes_in_denominator
1478,2,2,1,1.0,0.5,50.0,all_frozen_event_lakes_in_denominator
14815,1,0,0,0.0,0.0,0.0,all_frozen_event_lakes_in_denominator
148481,3,0,3,0.0,1.0,-100.0,all_frozen_event_lakes_in_denominator
148490,1,1,0,1.0,0.0,100.0,all_frozen_event_lakes_in_denominator
150962,1,0,0,0.0,0.0,0.0,all_frozen_event_lakes_in_denominator
152959,2,0,0,0.0,0.0,0.0,all_frozen_event_lakes_in_denominator
1548,1,0,0,0.0,0.0,0.0,all_frozen_event_lakes_in_denominator
157187,2,1,0,0.5,0.0,50.0,all_frozen_event_lakes_in_denominator
159754,1,0,0,0.0,0.0,0.0,all_frozen_event_lakes_in_denominator
1610,1,0,0,0.0,0.0,0.0,all_frozen_event_lakes_in_denominator
163,2,0,0,0.0,0.0,0.0,all_frozen_event_lakes_in_denominator
173,1,0,1,0.0,1.0,-100.0,all_frozen_event_lakes_in_denominator
184266,2,1,0,0.5,0.0,50.0,all_frozen_event_lakes_in_denominator
184298,4,0,0,0.0,0.0,0.0,all_frozen_event_lakes_in_denominator
185961,1,0,0,0.0,0.0,0.0,all_frozen_event_lakes_in_denominator
185972,2,1,0,0.5,0.0,50.0,all_frozen_event_lakes_in_denominator
187037,2,0,0,0.0,0.0,0.0,all_frozen_event_lakes_in_denominator
187109,1,0,0,0.0,0.0,0.0,all_frozen_event_lakes_in_denominator
1881,2,1,0,0.5,0.0,50.0,all_frozen_event_lakes_in_denominator
188190,1,0,0,0.0,0.0,0.0,all_frozen_event_lakes_in_denominator
189149,3,0,0,0.0,0.0,0.0,all_frozen_event_lakes_in_denominator
189780,1,1,1,1.0,1.0,0.0,all_frozen_event_lakes_in_denominator
189910,5,3,2,0.6,0.4,19.999999999999996,all_frozen_event_lakes_in_denominator
190092,5,1,0,0.2,0.0,20.0,all_frozen_event_lakes_in_denominator
190854,2,1,0,0.5,0.0,50.0,all_frozen_event_lakes_in_denominator
191,2,1,0,0.5,0.0,50.0,all_frozen_event_lakes_in_denominator
191241,1,1,1,1.0,1.0,0.0,all_frozen_event_lakes_in_denominator
191305,2,0,0,0.0,0.0,0.0,all_frozen_event_lakes_in_denominator
191437,1,0,0,0.0,0.0,0.0,all_frozen_event_lakes_in_denominator
191722,1,0,0,0.0,0.0,0.0,all_frozen_event_lakes_in_denominator
192522,1,1,0,1.0,0.0,100.0,all_frozen_event_lakes_in_denominator
192524,1,0,0,0.0,0.0,0.0,all_frozen_event_lakes_in_denominator
1932,4,3,2,0.75,0.5,25.0,all_frozen_event_lakes_in_denominator
194637,1,1,0,1.0,0.0,100.0,all_frozen_event_lakes_in_denominator
194682,4,1,0,0.25,0.0,25.0,all_frozen_event_lakes_in_denominator
194718,1,0,0,0.0,0.0,0.0,all_frozen_event_lakes_in_denominator
194758,1,1,0,1.0,0.0,100.0,all_frozen_event_lakes_in_denominator
194834,4,0,0,0.0,0.0,0.0,all_frozen_event_lakes_in_denominator
195573,2,0,1,0.0,0.5,-50.0,all_frozen_event_lakes_in_denominator
195999,10,1,0,0.1,0.0,10.0,all_frozen_event_lakes_in_denominator
196859,1,1,0,1.0,0.0,100.0,all_frozen_event_lakes_in_denominator
197306,2,0,0,0.0,0.0,0.0,all_frozen_event_lakes_in_denominator
197318,2,0,0,0.0,0.0,0.0,all_frozen_event_lakes_in_denominator
197347,2,1,0,0.5,0.0,50.0,all_frozen_event_lakes_in_denominator
198081,1,0,0,0.0,0.0,0.0,all_frozen_event_lakes_in_denominator
198601,1,0,0,0.0,0.0,0.0,all_frozen_event_lakes_in_denominator
19981,2,0,0,0.0,0.0,0.0,all_frozen_event_lakes_in_denominator
199861,1,1,0,1.0,0.0,100.0,all_frozen_event_lakes_in_denominator
199920,4,1,0,0.25,0.0,25.0,all_frozen_event_lakes_in_denominator
201099,1,0,0,0.0,0.0,0.0,all_frozen_event_lakes_in_denominator
201887,3,2,2,0.6666666666666666,0.6666666666666666,0.0,all_frozen_event_lakes_in_denominator
202262,1,0,0,0.0,0.0,0.0,all_frozen_event_lakes_in_denominator
202341,1,1,0,1.0,0.0,100.0,all_frozen_event_lakes_in_denominator
202371,2,1,0,0.5,0.0,50.0,all_frozen_event_lakes_in_denominator
202387,2,0,0,0.0,0.0,0.0,all_frozen_event_lakes_in_denominator
202409,1,0,0,0.0,0.0,0.0,all_frozen_event_lakes_in_denominator
203120,1,0,0,0.0,0.0,0.0,all_frozen_event_lakes_in_denominator
203121,17,5,2,0.2941176470588235,0.1176470588235294,17.647058823529413,all_frozen_event_lakes_in_denominator
203195,5,2,0,0.4,0.0,40.0,all_frozen_event_lakes_in_denominator
203606,1,0,0,0.0,0.0,0.0,all_frozen_event_lakes_in_denominator
204033,10,3,0,0.3,0.0,30.0,all_frozen_event_lakes_in_denominator
205154,7,1,0,0.1428571428571428,0.0,14.285714285714285,all_frozen_event_lakes_in_denominator
205355,4,2,1,0.5,0.25,25.0,all_frozen_event_lakes_in_denominator
205360,1,0,0,0.0,0.0,0.0,all_frozen_event_lakes_in_denominator
206558,1,1,1,1.0,1.0,0.0,all_frozen_event_lakes_in_denominator
206601,2,2,0,1.0,0.0,100.0,all_frozen_event_lakes_in_denominator
2067,2,2,2,1.0,1.0,0.0,all_frozen_event_lakes_in_denominator
207183,3,0,0,0.0,0.0,0.0,all_frozen_event_lakes_in_denominator
207514,4,2,0,0.5,0.0,50.0,all_frozen_event_lakes_in_denominator
207559,1,0,0,0.0,0.0,0.0,all_frozen_event_lakes_in_denominator
207734,5,2,0,0.4,0.0,40.0,all_frozen_event_lakes_in_denominator
207924,1,0,0,0.0,0.0,0.0,all_frozen_event_lakes_in_denominator
208034,1,1,1,1.0,1.0,0.0,all_frozen_event_lakes_in_denominator
208206,9,4,1,0.4444444444444444,0.1111111111111111,33.33333333333333,all_frozen_event_lakes_in_denominator
208737,17,4,0,0.2352941176470588,0.0,23.52941176470588,all_frozen_event_lakes_in_denominator
208928,1,1,0,1.0,0.0,100.0,all_frozen_event_lakes_in_denominator
209069,1,0,0,0.0,0.0,0.0,all_frozen_event_lakes_in_denominator
209587,2,0,0,0.0,0.0,0.0,all_frozen_event_lakes_in_denominator
209627,1,1,0,1.0,0.0,100.0,all_frozen_event_lakes_in_denominator
210190,1,0,0,0.0,0.0,0.0,all_frozen_event_lakes_in_denominator
210507,1,0,0,0.0,0.0,0.0,all_frozen_event_lakes_in_denominator
210703,1,0,0,0.0,0.0,0.0,all_frozen_event_lakes_in_denominator
210779,3,1,0,0.3333333333333333,0.0,33.33333333333333,all_frozen_event_lakes_in_denominator
21113,2,2,2,1.0,1.0,0.0,all_frozen_event_lakes_in_denominator
211861,9,3,0,0.3333333333333333,0.0,33.33333333333333,all_frozen_event_lakes_in_denominator
2147,1,0,0,0.0,0.0,0.0,all_frozen_event_lakes_in_denominator
216510,2,0,0,0.0,0.0,0.0,all_frozen_event_lakes_in_denominator
21775,1,0,0,0.0,0.0,0.0,all_frozen_event_lakes_in_denominator
2193,2,0,0,0.0,0.0,0.0,all_frozen_event_lakes_in_denominator
220067,3,0,0,0.0,0.0,0.0,all_frozen_event_lakes_in_denominator
221339,3,1,0,0.3333333333333333,0.0,33.33333333333333,all_frozen_event_lakes_in_denominator
221426,2,1,0,0.5,0.0,50.0,all_frozen_event_lakes_in_denominator
222849,1,0,0,0.0,0.0,0.0,all_frozen_event_lakes_in_denominator
223190,2,0,0,0.0,0.0,0.0,all_frozen_event_lakes_in_denominator
23286,1,1,0,1.0,0.0,100.0,all_frozen_event_lakes_in_denominator
2329,1,0,0,0.0,0.0,0.0,all_frozen_event_lakes_in_denominator
2376,1,1,1,1.0,1.0,0.0,all_frozen_event_lakes_in_denominator
2483,2,0,0,0.0,0.0,0.0,all_frozen_event_lakes_in_denominator
25348,1,0,0,0.0,0.0,0.0,all_frozen_event_lakes_in_denominator
2576,2,0,0,0.0,0.0,0.0,all_frozen_event_lakes_in_denominator
2583,1,0,1,0.0,1.0,-100.0,all_frozen_event_lakes_in_denominator
2584,2,0,0,0.0,0.0,0.0,all_frozen_event_lakes_in_denominator
2589,1,0,0,0.0,0.0,0.0,all_frozen_event_lakes_in_denominator
2604,1,0,0,0.0,0.0,0.0,all_frozen_event_lakes_in_denominator
2606,3,1,0,0.3333333333333333,0.0,33.33333333333333,all_frozen_event_lakes_in_denominator
26427,1,1,1,1.0,1.0,0.0,all_frozen_event_lakes_in_denominator
2709,1,1,0,1.0,0.0,100.0,all_frozen_event_lakes_in_denominator
2718,2,0,0,0.0,0.0,0.0,all_frozen_event_lakes_in_denominator
27482,1,0,1,0.0,1.0,-100.0,all_frozen_event_lakes_in_denominator
2755,3,1,0,0.3333333333333333,0.0,33.33333333333333,all_frozen_event_lakes_in_denominator
27757,2,2,2,1.0,1.0,0.0,all_frozen_event_lakes_in_denominator
2787,1,1,1,1.0,1.0,0.0,all_frozen_event_lakes_in_denominator
283,1,0,0,0.0,0.0,0.0,all_frozen_event_lakes_in_denominator
28440,1,0,0,0.0,0.0,0.0,all_frozen_event_lakes_in_denominator
28465,2,0,0,0.0,0.0,0.0,all_frozen_event_lakes_in_denominator
2876,1,0,0,0.0,0.0,0.0,all_frozen_event_lakes_in_denominator
2936,1,0,0,0.0,0.0,0.0,all_frozen_event_lakes_in_denominator
2948,1,1,1,1.0,1.0,0.0,all_frozen_event_lakes_in_denominator
2960,2,0,0,0.0,0.0,0.0,all_frozen_event_lakes_in_denominator
3014,3,2,1,0.6666666666666666,0.3333333333333333,33.33333333333333,all_frozen_event_lakes_in_denominator
305,2,0,1,0.0,0.5,-50.0,all_frozen_event_lakes_in_denominator
3057,1,1,0,1.0,0.0,100.0,all_frozen_event_lakes_in_denominator
3064,2,1,1,0.5,0.5,0.0,all_frozen_event_lakes_in_denominator
307,4,1,1,0.25,0.25,0.0,all_frozen_event_lakes_in_denominator
3092,1,0,0,0.0,0.0,0.0,all_frozen_event_lakes_in_denominator
31567,1,0,0,0.0,0.0,0.0,all_frozen_event_lakes_in_denominator
3198,3,2,2,0.6666666666666666,0.6666666666666666,0.0,all_frozen_event_lakes_in_denominator
3238,3,1,1,0.3333333333333333,0.3333333333333333,0.0,all_frozen_event_lakes_in_denominator
32704,1,1,1,1.0,1.0,0.0,all_frozen_event_lakes_in_denominator
3295,1,1,0,1.0,0.0,100.0,all_frozen_event_lakes_in_denominator
3302,2,1,1,0.5,0.5,0.0,all_frozen_event_lakes_in_denominator
3307,2,0,0,0.0,0.0,0.0,all_frozen_event_lakes_in_denominator
3313,1,0,0,0.0,0.0,0.0,all_frozen_event_lakes_in_denominator
3316,3,1,1,0.3333333333333333,0.3333333333333333,0.0,all_frozen_event_lakes_in_denominator
3345,1,1,1,1.0,1.0,0.0,all_frozen_event_lakes_in_denominator
33602,1,0,0,0.0,0.0,0.0,all_frozen_event_lakes_in_denominator
3384,2,0,0,0.0,0.0,0.0,all_frozen_event_lakes_in_denominator
339022,2,1,0,0.5,0.0,50.0,all_frozen_event_lakes_in_denominator
3400,1,0,0,0.0,0.0,0.0,all_frozen_event_lakes_in_denominator
3407,3,1,0,0.3333333333333333,0.0,33.33333333333333,all_frozen_event_lakes_in_denominator
341692,1,0,0,0.0,0.0,0.0,all_frozen_event_lakes_in_denominator
3434,1,0,0,0.0,0.0,0.0,all_frozen_event_lakes_in_denominator
3441,1,1,1,1.0,1.0,0.0,all_frozen_event_lakes_in_denominator
34613,1,0,0,0.0,0.0,0.0,all_frozen_event_lakes_in_denominator
3482,2,0,0,0.0,0.0,0.0,all_frozen_event_lakes_in_denominator
3542,1,0,0,0.0,0.0,0.0,all_frozen_event_lakes_in_denominator
3548,1,1,0,1.0,0.0,100.0,all_frozen_event_lakes_in_denominator
361919,1,0,0,0.0,0.0,0.0,all_frozen_event_lakes_in_denominator
3630,2,0,0,0.0,0.0,0.0,all_frozen_event_lakes_in_denominator
3637,2,0,0,0.0,0.0,0.0,all_frozen_event_lakes_in_denominator
3643,2,0,0,0.0,0.0,0.0,all_frozen_event_lakes_in_denominator
3646,2,0,0,0.0,0.0,0.0,all_frozen_event_lakes_in_denominator
364854,2,1,2,0.5,1.0,-50.0,all_frozen_event_lakes_in_denominator
366991,2,1,1,0.5,0.5,0.0,all_frozen_event_lakes_in_denominator
367519,2,1,0,0.5,0.0,50.0,all_frozen_event_lakes_in_denominator
36810,3,2,1,0.6666666666666666,0.3333333333333333,33.33333333333333,all_frozen_event_lakes_in_denominator
3686,2,0,0,0.0,0.0,0.0,all_frozen_event_lakes_in_denominator
369331,1,1,0,1.0,0.0,100.0,all_frozen_event_lakes_in_denominator
373899,2,2,1,1.0,0.5,50.0,all_frozen_event_lakes_in_denominator
3765,3,0,0,0.0,0.0,0.0,all_frozen_event_lakes_in_denominator
38846,1,0,0,0.0,0.0,0.0,all_frozen_event_lakes_in_denominator
3900,1,0,0,0.0,0.0,0.0,all_frozen_event_lakes_in_denominator
3943,3,1,3,0.3333333333333333,1.0,-66.66666666666667,all_frozen_event_lakes_in_denominator
3946,1,0,0,0.0,0.0,0.0,all_frozen_event_lakes_in_denominator
40075,1,0,0,0.0,0.0,0.0,all_frozen_event_lakes_in_denominator
4035,3,1,1,0.3333333333333333,0.3333333333333333,0.0,all_frozen_event_lakes_in_denominator
4052,1,0,0,0.0,0.0,0.0,all_frozen_event_lakes_in_denominator
4098,2,1,0,0.5,0.0,50.0,all_frozen_event_lakes_in_denominator
41048,3,2,1,0.6666666666666666,0.3333333333333333,33.33333333333333,all_frozen_event_lakes_in_denominator
4176,1,0,0,0.0,0.0,0.0,all_frozen_event_lakes_in_denominator
4200,1,0,0,0.0,0.0,0.0,all_frozen_event_lakes_in_denominator
4211,1,0,0,0.0,0.0,0.0,all_frozen_event_lakes_in_denominator
42225,1,0,1,0.0,1.0,-100.0,all_frozen_event_lakes_in_denominator
4229,1,0,0,0.0,0.0,0.0,all_frozen_event_lakes_in_denominator
4280,2,2,2,1.0,1.0,0.0,all_frozen_event_lakes_in_denominator
4285,2,1,2,0.5,1.0,-50.0,all_frozen_event_lakes_in_denominator
4312,3,3,3,1.0,1.0,0.0,all_frozen_event_lakes_in_denominator
43237,1,0,0,0.0,0.0,0.0,all_frozen_event_lakes_in_denominator
4389,3,3,3,1.0,1.0,0.0,all_frozen_event_lakes_in_denominator
4393,2,2,2,1.0,1.0,0.0,all_frozen_event_lakes_in_denominator
4395,2,2,2,1.0,1.0,0.0,all_frozen_event_lakes_in_denominator
4401,2,0,0,0.0,0.0,0.0,all_frozen_event_lakes_in_denominator
4420,1,1,1,1.0,1.0,0.0,all_frozen_event_lakes_in_denominator
4440,2,1,2,0.5,1.0,-50.0,all_frozen_event_lakes_in_denominator
4448,4,3,3,0.75,0.75,0.0,all_frozen_event_lakes_in_denominator
4473,2,1,2,0.5,1.0,-50.0,all_frozen_event_lakes_in_denominator
4481,2,2,2,1.0,1.0,0.0,all_frozen_event_lakes_in_denominator
451829,1,0,1,0.0,1.0,-100.0,all_frozen_event_lakes_in_denominator
4606,2,0,0,0.0,0.0,0.0,all_frozen_event_lakes_in_denominator
4607,3,2,2,0.6666666666666666,0.6666666666666666,0.0,all_frozen_event_lakes_in_denominator
4621,1,1,1,1.0,1.0,0.0,all_frozen_event_lakes_in_denominator
4624,3,1,2,0.3333333333333333,0.6666666666666666,-33.33333333333333,all_frozen_event_lakes_in_denominator
4649,1,1,1,1.0,1.0,0.0,all_frozen_event_lakes_in_denominator
4652,1,1,0,1.0,0.0,100.0,all_frozen_event_lakes_in_denominator
4667,2,2,2,1.0,1.0,0.0,all_frozen_event_lakes_in_denominator
4701,1,0,0,0.0,0.0,0.0,all_frozen_event_lakes_in_denominator
4709,2,0,0,0.0,0.0,0.0,all_frozen_event_lakes_in_denominator
47232,1,0,0,0.0,0.0,0.0,all_frozen_event_lakes_in_denominator
47359,1,0,0,0.0,0.0,0.0,all_frozen_event_lakes_in_denominator
4771,1,0,1,0.0,1.0,-100.0,all_frozen_event_lakes_in_denominator
4799,1,1,0,1.0,0.0,100.0,all_frozen_event_lakes_in_denominator
4821,3,2,2,0.6666666666666666,0.6666666666666666,0.0,all_frozen_event_lakes_in_denominator
485,3,1,0,0.3333333333333333,0.0,33.33333333333333,all_frozen_event_lakes_in_denominator
4870,2,2,2,1.0,1.0,0.0,all_frozen_event_lakes_in_denominator
4882,2,1,2,0.5,1.0,-50.0,all_frozen_event_lakes_in_denominator
4890,2,2,1,1.0,0.5,50.0,all_frozen_event_lakes_in_denominator
4899,1,1,0,1.0,0.0,100.0,all_frozen_event_lakes_in_denominator
4933,2,2,2,1.0,1.0,0.0,all_frozen_event_lakes_in_denominator
4942,1,1,1,1.0,1.0,0.0,all_frozen_event_lakes_in_denominator
4944,2,2,1,1.0,0.5,50.0,all_frozen_event_lakes_in_denominator
4955,1,0,0,0.0,0.0,0.0,all_frozen_event_lakes_in_denominator
4967,2,2,2,1.0,1.0,0.0,all_frozen_event_lakes_in_denominator
4985,2,2,2,1.0,1.0,0.0,all_frozen_event_lakes_in_denominator
5027,2,2,2,1.0,1.0,0.0,all_frozen_event_lakes_in_denominator
50464,3,2,2,0.6666666666666666,0.6666666666666666,0.0,all_frozen_event_lakes_in_denominator
50483,1,0,0,0.0,0.0,0.0,all_frozen_event_lakes_in_denominator
507,2,1,0,0.5,0.0,50.0,all_frozen_event_lakes_in_denominator
51019,4,0,0,0.0,0.0,0.0,all_frozen_event_lakes_in_denominator
5143,1,1,1,1.0,1.0,0.0,all_frozen_event_lakes_in_denominator
515,1,0,1,0.0,1.0,-100.0,all_frozen_event_lakes_in_denominator
5167,2,2,2,1.0,1.0,0.0,all_frozen_event_lakes_in_denominator
5183,2,2,2,1.0,1.0,0.0,all_frozen_event_lakes_in_denominator
519,2,0,0,0.0,0.0,0.0,all_frozen_event_lakes_in_denominator
5233,3,1,1,0.3333333333333333,0.3333333333333333,0.0,all_frozen_event_lakes_in_denominator
5241,2,2,2,1.0,1.0,0.0,all_frozen_event_lakes_in_denominator
5246,1,1,1,1.0,1.0,0.0,all_frozen_event_lakes_in_denominator
5256,1,0,1,0.0,1.0,-100.0,all_frozen_event_lakes_in_denominator
52808,2,0,0,0.0,0.0,0.0,all_frozen_event_lakes_in_denominator
5336,2,2,2,1.0,1.0,0.0,all_frozen_event_lakes_in_denominator
5383,1,1,1,1.0,1.0,0.0,all_frozen_event_lakes_in_denominator
5396,2,1,1,0.5,0.5,0.0,all_frozen_event_lakes_in_denominator
5407,1,0,0,0.0,0.0,0.0,all_frozen_event_lakes_in_denominator
5414,1,1,0,1.0,0.0,100.0,all_frozen_event_lakes_in_denominator
54178,3,1,1,0.3333333333333333,0.3333333333333333,0.0,all_frozen_event_lakes_in_denominator
5487,3,0,0,0.0,0.0,0.0,all_frozen_event_lakes_in_denominator
549,1,1,1,1.0,1.0,0.0,all_frozen_event_lakes_in_denominator
5496,2,1,1,0.5,0.5,0.0,all_frozen_event_lakes_in_denominator
5500,2,2,2,1.0,1.0,0.0,all_frozen_event_lakes_in_denominator
5550,2,2,2,1.0,1.0,0.0,all_frozen_event_lakes_in_denominator
55528,3,0,0,0.0,0.0,0.0,all_frozen_event_lakes_in_denominator
5581,1,1,1,1.0,1.0,0.0,all_frozen_event_lakes_in_denominator
57638,2,1,1,0.5,0.5,0.0,all_frozen_event_lakes_in_denominator
57641,3,0,1,0.0,0.3333333333333333,-33.33333333333333,all_frozen_event_lakes_in_denominator
57681,3,1,0,0.3333333333333333,0.0,33.33333333333333,all_frozen_event_lakes_in_denominator
57709,4,0,1,0.0,0.25,-25.0,all_frozen_event_lakes_in_denominator
58719,1,0,0,0.0,0.0,0.0,all_frozen_event_lakes_in_denominator
58758,2,0,1,0.0,0.5,-50.0,all_frozen_event_lakes_in_denominator
58773,1,0,0,0.0,0.0,0.0,all_frozen_event_lakes_in_denominator
59714,1,0,0,0.0,0.0,0.0,all_frozen_event_lakes_in_denominator
59748,1,0,0,0.0,0.0,0.0,all_frozen_event_lakes_in_denominator
60687,1,1,0,1.0,0.0,100.0,all_frozen_event_lakes_in_denominator
60740,2,0,0,0.0,0.0,0.0,all_frozen_event_lakes_in_denominator
60742,4,2,2,0.5,0.5,0.0,all_frozen_event_lakes_in_denominator
61342,1,1,1,1.0,1.0,0.0,all_frozen_event_lakes_in_denominator
62,1,1,1,1.0,1.0,0.0,all_frozen_event_lakes_in_denominator
6209,1,1,1,1.0,1.0,0.0,all_frozen_event_lakes_in_denominator
6462,2,1,0,0.5,0.0,50.0,all_frozen_event_lakes_in_denominator
66005,1,0,0,0.0,0.0,0.0,all_frozen_event_lakes_in_denominator
6970,1,1,0,1.0,0.0,100.0,all_frozen_event_lakes_in_denominator
6971,1,1,0,1.0,0.0,100.0,all_frozen_event_lakes_in_denominator
6981,1,1,0,1.0,0.0,100.0,all_frozen_event_lakes_in_denominator
6982,1,1,1,1.0,1.0,0.0,all_frozen_event_lakes_in_denominator
6983,1,1,1,1.0,1.0,0.0,all_frozen_event_lakes_in_denominator
6999,1,1,1,1.0,1.0,0.0,all_frozen_event_lakes_in_denominator
700,1,0,0,0.0,0.0,0.0,all_frozen_event_lakes_in_denominator
7001,1,0,1,0.0,1.0,-100.0,all_frozen_event_lakes_in_denominator
7002,1,1,1,1.0,1.0,0.0,all_frozen_event_lakes_in_denominator
7010,1,1,0,1.0,0.0,100.0,all_frozen_event_lakes_in_denominator
704,1,0,0,0.0,0.0,0.0,all_frozen_event_lakes_in_denominator
7045,1,1,0,1.0,0.0,100.0,all_frozen_event_lakes_in_denominator
7049,1,1,1,1.0,1.0,0.0,all_frozen_event_lakes_in_denominator
7050,1,0,0,0.0,0.0,0.0,all_frozen_event_lakes_in_denominator
71421,1,1,1,1.0,1.0,0.0,all_frozen_event_lakes_in_denominator
72123,1,0,1,0.0,1.0,-100.0,all_frozen_event_lakes_in_denominator
72460,1,0,0,0.0,0.0,0.0,all_frozen_event_lakes_in_denominator
73041,1,0,1,0.0,1.0,-100.0,all_frozen_event_lakes_in_denominator
7442,2,0,0,0.0,0.0,0.0,all_frozen_event_lakes_in_denominator
75,4,0,0,0.0,0.0,0.0,all_frozen_event_lakes_in_denominator
75223,1,1,1,1.0,1.0,0.0,all_frozen_event_lakes_in_denominator
75275,1,1,1,1.0,1.0,0.0,all_frozen_event_lakes_in_denominator
75277,1,0,0,0.0,0.0,0.0,all_frozen_event_lakes_in_denominator
765,3,0,0,0.0,0.0,0.0,all_frozen_event_lakes_in_denominator
78404,3,2,1,0.6666666666666666,0.3333333333333333,33.33333333333333,all_frozen_event_lakes_in_denominator
78434,2,1,1,0.5,0.5,0.0,all_frozen_event_lakes_in_denominator
78447,1,0,0,0.0,0.0,0.0,all_frozen_event_lakes_in_denominator
80525,1,1,1,1.0,1.0,0.0,all_frozen_event_lakes_in_denominator
80553,3,2,1,0.6666666666666666,0.3333333333333333,33.33333333333333,all_frozen_event_lakes_in_denominator
80564,1,1,1,1.0,1.0,0.0,all_frozen_event_lakes_in_denominator
82526,1,1,0,1.0,0.0,100.0,all_frozen_event_lakes_in_denominator
83634,1,1,1,1.0,1.0,0.0,all_frozen_event_lakes_in_denominator
843,1,0,0,0.0,0.0,0.0,all_frozen_event_lakes_in_denominator
84662,2,1,2,0.5,1.0,-50.0,all_frozen_event_lakes_in_denominator
853,1,1,1,1.0,1.0,0.0,all_frozen_event_lakes_in_denominator
85766,1,0,0,0.0,0.0,0.0,all_frozen_event_lakes_in_denominator
85792,1,0,0,0.0,0.0,0.0,all_frozen_event_lakes_in_denominator
86016,3,1,3,0.3333333333333333,1.0,-66.66666666666667,all_frozen_event_lakes_in_denominator
86763,2,1,1,0.5,0.5,0.0,all_frozen_event_lakes_in_denominator
8809,1,0,0,0.0,0.0,0.0,all_frozen_event_lakes_in_denominator
88845,3,0,0,0.0,0.0,0.0,all_frozen_event_lakes_in_denominator
91948,1,0,0,0.0,0.0,0.0,all_frozen_event_lakes_in_denominator
93999,1,0,0,0.0,0.0,0.0,all_frozen_event_lakes_in_denominator
94023,1,0,0,0.0,0.0,0.0,all_frozen_event_lakes_in_denominator
960,2,0,0,0.0,0.0,0.0,all_frozen_event_lakes_in_denominator
96015,1,0,0,0.0,0.0,0.0,all_frozen_event_lakes_in_denominator
97084,3,1,0,0.3333333333333333,0.0,33.33333333333333,all_frozen_event_lakes_in_denominator
971,3,3,3,1.0,1.0,0.0,all_frozen_event_lakes_in_denominator
973,4,2,3,0.5,0.75,-25.0,all_frozen_event_lakes_in_denominator
990,1,0,0,0.0,0.0,0.0,all_frozen_event_lakes_in_denominator
